site_id,group,mae,rmse,nmae,nrmse,normalization_capacity,shape,stage,seed
0,chronos2_baseline,0.0563864820,0.1146576628,0.0563864820,0.1146576628,1.0000000000,"[2545, 24]",4A,2021
1,chronos2_baseline,0.0695754588,0.1518158764,0.0695754588,0.1518158764,1.0000000000,"[2545, 24]",4A,2021
2,chronos2_baseline,0.0642672479,0.1453535110,0.0642672479,0.1453535110,1.0000000000,"[2545, 24]",4A,2021
3,chronos2_baseline,0.0655679703,0.1446676403,0.0655679703,0.1446676403,1.0000000000,"[2545, 24]",4A,2021
4,chronos2_baseline,0.0681890026,0.1318674684,0.0681890026,0.1318674684,1.0000000000,"[2545, 24]",4A,2021
5,chronos2_baseline,0.0651458725,0.1418315768,0.0651458725,0.1418315768,1.0000000000,"[2545, 24]",4A,2021
6,chronos2_baseline,0.0737863928,0.1485624909,0.0737863928,0.1485624909,1.0000000000,"[2545, 24]",4A,2021
7,chronos2_baseline,0.0721924976,0.1380827278,0.0721924976,0.1380827278,1.0000000000,"[2545, 24]",4A,2021
8,chronos2_baseline,0.0576778241,0.1122439206,0.0576778241,0.1122439206,1.0000000000,"[2545, 24]",4A,2021
9,chronos2_baseline,0.0684688762,0.1349769235,0.0684688762,0.1349769235,1.0000000000,"[2545, 24]",4A,2021
0,fusion_aligned,0.0505877510,0.0971789584,0.0505877510,0.0971789584,1.0000000000,"[2545, 24]",4A,2021
1,fusion_aligned,0.0565209091,0.1072115600,0.0565209091,0.1072115600,1.0000000000,"[2545, 24]",4A,2021
2,fusion_aligned,0.0464120880,0.0929958001,0.0464120880,0.0929958001,1.0000000000,"[2545, 24]",4A,2021
3,fusion_aligned,0.0476507656,0.0976379365,0.0476507656,0.0976379365,1.0000000000,"[2545, 24]",4A,2021
4,fusion_aligned,0.0505540892,0.0969820023,0.0505540892,0.0969820023,1.0000000000,"[2545, 24]",4A,2021
5,fusion_aligned,0.0487395227,0.0987494886,0.0487395227,0.0987494886,1.0000000000,"[2545, 24]",4A,2021
6,fusion_aligned,0.0573334843,0.1161314994,0.0573334843,0.1161314994,1.0000000000,"[2545, 24]",4A,2021
7,fusion_aligned,0.0556744412,0.1043933406,0.0556744412,0.1043933406,1.0000000000,"[2545, 24]",4A,2021
8,fusion_aligned,0.0428006910,0.0824924111,0.0428006910,0.0824924111,1.0000000000,"[2545, 24]",4A,2021
9,fusion_aligned,0.0495934747,0.0972321108,0.0495934747,0.0972321108,1.0000000000,"[2545, 24]",4A,2021
0,fusion_shuffled,0.0823536590,0.2200046182,0.0823536590,0.2200046182,1.0000000000,"[2545, 24]",4A,2021
1,fusion_shuffled,0.0851165056,0.2007255107,0.0851165056,0.2007255107,1.0000000000,"[2545, 24]",4A,2021
2,fusion_shuffled,0.0828831196,0.1948138922,0.0828831196,0.1948138922,1.0000000000,"[2545, 24]",4A,2021
3,fusion_shuffled,0.0814687610,0.1780104786,0.0814687610,0.1780104786,1.0000000000,"[2545, 24]",4A,2021
4,fusion_shuffled,0.0885054693,0.2033831924,0.0885054693,0.2033831924,1.0000000000,"[2545, 24]",4A,2021
5,fusion_shuffled,0.0837766379,0.1913475841,0.0837766379,0.1913475841,1.0000000000,"[2545, 24]",4A,2021
6,fusion_shuffled,0.0914763138,0.2137115151,0.0914763138,0.2137115151,1.0000000000,"[2545, 24]",4A,2021
7,fusion_shuffled,0.0912037715,0.1917728037,0.0912037715,0.1917728037,1.0000000000,"[2545, 24]",4A,2021
8,fusion_shuffled,0.0800043568,0.1823358238,0.0800043568,0.1823358238,1.0000000000,"[2545, 24]",4A,2021
9,fusion_shuffled,0.0862318575,0.2156986147,0.0862318575,0.2156986147,1.0000000000,"[2545, 24]",4A,2021
0,stage3_mean_pooled_fusion,0.0610528775,0.1193459630,0.0610528775,0.1193459630,1.0000000000,"[2545, 24]",4A,2021
1,stage3_mean_pooled_fusion,0.0756073967,0.1722591668,0.0756073967,0.1722591668,1.0000000000,"[2545, 24]",4A,2021
2,stage3_mean_pooled_fusion,0.0698207468,0.1646258384,0.0698207468,0.1646258384,1.0000000000,"[2545, 24]",4A,2021
3,stage3_mean_pooled_fusion,0.0713750795,0.1598153114,0.0713750795,0.1598153114,1.0000000000,"[2545, 24]",4A,2021
4,stage3_mean_pooled_fusion,0.0734241158,0.1374944001,0.0734241158,0.1374944001,1.0000000000,"[2545, 24]",4A,2021
5,stage3_mean_pooled_fusion,0.0713957995,0.1602573097,0.0713957995,0.1602573097,1.0000000000,"[2545, 24]",4A,2021
6,stage3_mean_pooled_fusion,0.0791890100,0.1589400470,0.0791890100,0.1589400470,1.0000000000,"[2545, 24]",4A,2021
7,stage3_mean_pooled_fusion,0.0781055242,0.1441420913,0.0781055242,0.1441420913,1.0000000000,"[2545, 24]",4A,2021
8,stage3_mean_pooled_fusion,0.0631606579,0.1181166172,0.0631606579,0.1181166172,1.0000000000,"[2545, 24]",4A,2021
9,stage3_mean_pooled_fusion,0.0737118721,0.1441148072,0.0737118721,0.1441148072,1.0000000000,"[2545, 24]",4A,2021
0,chronos2_baseline,0.0563864820,0.1146576628,0.0563864820,0.1146576628,1.0000000000,"[2545, 24]",4A,2022
1,chronos2_baseline,0.0695754588,0.1518158764,0.0695754588,0.1518158764,1.0000000000,"[2545, 24]",4A,2022
2,chronos2_baseline,0.0642672479,0.1453535110,0.0642672479,0.1453535110,1.0000000000,"[2545, 24]",4A,2022
3,chronos2_baseline,0.0655679703,0.1446676403,0.0655679703,0.1446676403,1.0000000000,"[2545, 24]",4A,2022
4,chronos2_baseline,0.0681890026,0.1318674684,0.0681890026,0.1318674684,1.0000000000,"[2545, 24]",4A,2022
5,chronos2_baseline,0.0651458725,0.1418315768,0.0651458725,0.1418315768,1.0000000000,"[2545, 24]",4A,2022
6,chronos2_baseline,0.0737863928,0.1485624909,0.0737863928,0.1485624909,1.0000000000,"[2545, 24]",4A,2022
7,chronos2_baseline,0.0721924976,0.1380827278,0.0721924976,0.1380827278,1.0000000000,"[2545, 24]",4A,2022
8,chronos2_baseline,0.0576778241,0.1122439206,0.0576778241,0.1122439206,1.0000000000,"[2545, 24]",4A,2022
9,chronos2_baseline,0.0684688762,0.1349769235,0.0684688762,0.1349769235,1.0000000000,"[2545, 24]",4A,2022
0,fusion_aligned,0.0485650674,0.0958226547,0.0485650674,0.0958226547,1.0000000000,"[2545, 24]",4A,2022
1,fusion_aligned,0.0549415089,0.1063166931,0.0549415089,0.1063166931,1.0000000000,"[2545, 24]",4A,2022
2,fusion_aligned,0.0467644408,0.0945025012,0.0467644408,0.0945025012,1.0000000000,"[2545, 24]",4A,2022
3,fusion_aligned,0.0478918292,0.1000233442,0.0478918292,0.1000233442,1.0000000000,"[2545, 24]",4A,2022
4,fusion_aligned,0.0512710027,0.1004674584,0.0512710027,0.1004674584,1.0000000000,"[2545, 24]",4A,2022
5,fusion_aligned,0.0497729033,0.1021755487,0.0497729033,0.1021755487,1.0000000000,"[2545, 24]",4A,2022
6,fusion_aligned,0.0576644018,0.1167465523,0.0576644018,0.1167465523,1.0000000000,"[2545, 24]",4A,2022
7,fusion_aligned,0.0591505729,0.1118681207,0.0591505729,0.1118681207,1.0000000000,"[2545, 24]",4A,2022
8,fusion_aligned,0.0449683517,0.0867363065,0.0449683517,0.0867363065,1.0000000000,"[2545, 24]",4A,2022
9,fusion_aligned,0.0505906977,0.1004506052,0.0505906977,0.1004506052,1.0000000000,"[2545, 24]",4A,2022
0,fusion_shuffled,0.0782078803,0.1674403250,0.0782078803,0.1674403250,1.0000000000,"[2545, 24]",4A,2022
1,fusion_shuffled,0.0874877200,0.1940914243,0.0874877200,0.1940914243,1.0000000000,"[2545, 24]",4A,2022
2,fusion_shuffled,0.0844943970,0.1865265220,0.0844943970,0.1865265220,1.0000000000,"[2545, 24]",4A,2022
3,fusion_shuffled,0.0852999091,0.1799110770,0.0852999091,0.1799110770,1.0000000000,"[2545, 24]",4A,2022
4,fusion_shuffled,0.0924640000,0.2203000933,0.0924640000,0.2203000933,1.0000000000,"[2545, 24]",4A,2022
5,fusion_shuffled,0.0864696875,0.1935856789,0.0864696875,0.1935856789,1.0000000000,"[2545, 24]",4A,2022
6,fusion_shuffled,0.0932407007,0.2092148215,0.0932407007,0.2092148215,1.0000000000,"[2545, 24]",4A,2022
7,fusion_shuffled,0.0949871615,0.2045019120,0.0949871615,0.2045019120,1.0000000000,"[2545, 24]",4A,2022
8,fusion_shuffled,0.0770843774,0.1634769887,0.0770843774,0.1634769887,1.0000000000,"[2545, 24]",4A,2022
9,fusion_shuffled,0.0890043899,0.2059851289,0.0890043899,0.2059851289,1.0000000000,"[2545, 24]",4A,2022
0,chronos2_baseline,0.0563864820,0.1146576628,0.0563864820,0.1146576628,1.0000000000,"[2545, 24]",4A,2023
1,chronos2_baseline,0.0695754588,0.1518158764,0.0695754588,0.1518158764,1.0000000000,"[2545, 24]",4A,2023
2,chronos2_baseline,0.0642672479,0.1453535110,0.0642672479,0.1453535110,1.0000000000,"[2545, 24]",4A,2023
3,chronos2_baseline,0.0655679703,0.1446676403,0.0655679703,0.1446676403,1.0000000000,"[2545, 24]",4A,2023
4,chronos2_baseline,0.0681890026,0.1318674684,0.0681890026,0.1318674684,1.0000000000,"[2545, 24]",4A,2023
5,chronos2_baseline,0.0651458725,0.1418315768,0.0651458725,0.1418315768,1.0000000000,"[2545, 24]",4A,2023
6,chronos2_baseline,0.0737863928,0.1485624909,0.0737863928,0.1485624909,1.0000000000,"[2545, 24]",4A,2023
7,chronos2_baseline,0.0721924976,0.1380827278,0.0721924976,0.1380827278,1.0000000000,"[2545, 24]",4A,2023
8,chronos2_baseline,0.0576778241,0.1122439206,0.0576778241,0.1122439206,1.0000000000,"[2545, 24]",4A,2023
9,chronos2_baseline,0.0684688762,0.1349769235,0.0684688762,0.1349769235,1.0000000000,"[2545, 24]",4A,2023
0,fusion_aligned,0.0484389737,0.0938234851,0.0484389737,0.0938234851,1.0000000000,"[2545, 24]",4A,2023
1,fusion_aligned,0.0550981686,0.1055237800,0.0550981686,0.1055237800,1.0000000000,"[2545, 24]",4A,2023
2,fusion_aligned,0.0474893451,0.0954967737,0.0474893451,0.0954967737,1.0000000000,"[2545, 24]",4A,2023
3,fusion_aligned,0.0475465804,0.0984571278,0.0475465804,0.0984571278,1.0000000000,"[2545, 24]",4A,2023
4,fusion_aligned,0.0513451472,0.0985528678,0.0513451472,0.0985528678,1.0000000000,"[2545, 24]",4A,2023
5,fusion_aligned,0.0505017340,0.0995909795,0.0505017340,0.0995909795,1.0000000000,"[2545, 24]",4A,2023
6,fusion_aligned,0.0577744953,0.1138421744,0.0577744953,0.1138421744,1.0000000000,"[2545, 24]",4A,2023
7,fusion_aligned,0.0574687570,0.1058270633,0.0574687570,0.1058270633,1.0000000000,"[2545, 24]",4A,2023
8,fusion_aligned,0.0432602316,0.0817670971,0.0432602316,0.0817670971,1.0000000000,"[2545, 24]",4A,2023
9,fusion_aligned,0.0492387041,0.0968581513,0.0492387041,0.0968581513,1.0000000000,"[2545, 24]",4A,2023
0,fusion_shuffled,0.0769586265,0.1666379720,0.0769586265,0.1666379720,1.0000000000,"[2545, 24]",4A,2023
1,fusion_shuffled,0.0833041072,0.1802400351,0.0833041072,0.1802400351,1.0000000000,"[2545, 24]",4A,2023
2,fusion_shuffled,0.0823893398,0.1761143357,0.0823893398,0.1761143357,1.0000000000,"[2545, 24]",4A,2023
3,fusion_shuffled,0.0817397386,0.1719905138,0.0817397386,0.1719905138,1.0000000000,"[2545, 24]",4A,2023
4,fusion_shuffled,0.0855630413,0.1901345253,0.0855630413,0.1901345253,1.0000000000,"[2545, 24]",4A,2023
5,fusion_shuffled,0.0816347823,0.1714900583,0.0816347823,0.1714900583,1.0000000000,"[2545, 24]",4A,2023
6,fusion_shuffled,0.0864066556,0.1748846322,0.0864066556,0.1748846322,1.0000000000,"[2545, 24]",4A,2023
7,fusion_shuffled,0.0917731375,0.1958578080,0.0917731375,0.1958578080,1.0000000000,"[2545, 24]",4A,2023
8,fusion_shuffled,0.0753289983,0.1573517174,0.0753289983,0.1573517174,1.0000000000,"[2545, 24]",4A,2023
9,fusion_shuffled,0.0821754932,0.1720427424,0.0821754932,0.1720427424,1.0000000000,"[2545, 24]",4A,2023
0,chronos2_baseline,0.0563864820,0.1146576628,0.0563864820,0.1146576628,1.0000000000,"[2545, 24]",4B,2021
1,chronos2_baseline,0.0695754588,0.1518158764,0.0695754588,0.1518158764,1.0000000000,"[2545, 24]",4B,2021
2,chronos2_baseline,0.0642672479,0.1453535110,0.0642672479,0.1453535110,1.0000000000,"[2545, 24]",4B,2021
3,chronos2_baseline,0.0655679703,0.1446676403,0.0655679703,0.1446676403,1.0000000000,"[2545, 24]",4B,2021
4,chronos2_baseline,0.0681890026,0.1318674684,0.0681890026,0.1318674684,1.0000000000,"[2545, 24]",4B,2021
5,chronos2_baseline,0.0651458725,0.1418315768,0.0651458725,0.1418315768,1.0000000000,"[2545, 24]",4B,2021
6,chronos2_baseline,0.0737863928,0.1485624909,0.0737863928,0.1485624909,1.0000000000,"[2545, 24]",4B,2021
7,chronos2_baseline,0.0721924976,0.1380827278,0.0721924976,0.1380827278,1.0000000000,"[2545, 24]",4B,2021
8,chronos2_baseline,0.0576778241,0.1122439206,0.0576778241,0.1122439206,1.0000000000,"[2545, 24]",4B,2021
9,chronos2_baseline,0.0684688762,0.1349769235,0.0684688762,0.1349769235,1.0000000000,"[2545, 24]",4B,2021
0,stage4a_cross_attention,0.0505877510,0.0971789584,0.0505877510,0.0971789584,1.0000000000,"[2545, 24]",4B,2021
1,stage4a_cross_attention,0.0565209091,0.1072115600,0.0565209091,0.1072115600,1.0000000000,"[2545, 24]",4B,2021
2,stage4a_cross_attention,0.0464120880,0.0929958001,0.0464120880,0.0929958001,1.0000000000,"[2545, 24]",4B,2021
3,stage4a_cross_attention,0.0476507656,0.0976379365,0.0476507656,0.0976379365,1.0000000000,"[2545, 24]",4B,2021
4,stage4a_cross_attention,0.0505540892,0.0969820023,0.0505540892,0.0969820023,1.0000000000,"[2545, 24]",4B,2021
5,stage4a_cross_attention,0.0487395227,0.0987494886,0.0487395227,0.0987494886,1.0000000000,"[2545, 24]",4B,2021
6,stage4a_cross_attention,0.0573334843,0.1161314994,0.0573334843,0.1161314994,1.0000000000,"[2545, 24]",4B,2021
7,stage4a_cross_attention,0.0556744412,0.1043933406,0.0556744412,0.1043933406,1.0000000000,"[2545, 24]",4B,2021
8,stage4a_cross_attention,0.0428006910,0.0824924111,0.0428006910,0.0824924111,1.0000000000,"[2545, 24]",4B,2021
9,stage4a_cross_attention,0.0495934747,0.0972321108,0.0495934747,0.0972321108,1.0000000000,"[2545, 24]",4B,2021
0,cora_aligned,0.0496846586,0.0941801071,0.0496846586,0.0941801071,1.0000000000,"[2545, 24]",4B,2021
1,cora_aligned,0.0559410974,0.1054354906,0.0559410974,0.1054354906,1.0000000000,"[2545, 24]",4B,2021
2,cora_aligned,0.0465159342,0.0935999975,0.0465159342,0.0935999975,1.0000000000,"[2545, 24]",4B,2021
3,cora_aligned,0.0475777462,0.0976450071,0.0475777462,0.0976450071,1.0000000000,"[2545, 24]",4B,2021
4,cora_aligned,0.0501792021,0.0966025889,0.0501792021,0.0966025889,1.0000000000,"[2545, 24]",4B,2021
5,cora_aligned,0.0488573276,0.0963293985,0.0488573276,0.0963293985,1.0000000000,"[2545, 24]",4B,2021
6,cora_aligned,0.0562832952,0.1104848608,0.0562832952,0.1104848608,1.0000000000,"[2545, 24]",4B,2021
7,cora_aligned,0.0582865998,0.1057103798,0.0582865998,0.1057103798,1.0000000000,"[2545, 24]",4B,2021
8,cora_aligned,0.0437666029,0.0823342204,0.0437666029,0.0823342204,1.0000000000,"[2545, 24]",4B,2021
9,cora_aligned,0.0481604859,0.0948131233,0.0481604859,0.0948131233,1.0000000000,"[2545, 24]",4B,2021
0,cora_shuffled,0.0795814469,0.1728653610,0.0795814469,0.1728653610,1.0000000000,"[2545, 24]",4B,2021
1,cora_shuffled,0.0837530270,0.1758694351,0.0837530270,0.1758694351,1.0000000000,"[2545, 24]",4B,2021
2,cora_shuffled,0.0811187103,0.1694635451,0.0811187103,0.1694635451,1.0000000000,"[2545, 24]",4B,2021
3,cora_shuffled,0.0820388570,0.1695578396,0.0820388570,0.1695578396,1.0000000000,"[2545, 24]",4B,2021
4,cora_shuffled,0.0873465687,0.1828775704,0.0873465687,0.1828775704,1.0000000000,"[2545, 24]",4B,2021
5,cora_shuffled,0.0824351609,0.1716007590,0.0824351609,0.1716007590,1.0000000000,"[2545, 24]",4B,2021
6,cora_shuffled,0.0895206258,0.1878882647,0.0895206258,0.1878882647,1.0000000000,"[2545, 24]",4B,2021
7,cora_shuffled,0.0905516893,0.1807538420,0.0905516893,0.1807538420,1.0000000000,"[2545, 24]",4B,2021
8,cora_shuffled,0.0787069052,0.1667783260,0.0787069052,0.1667783260,1.0000000000,"[2545, 24]",4B,2021
9,cora_shuffled,0.0836018324,0.1763184965,0.0836018324,0.1763184965,1.0000000000,"[2545, 24]",4B,2021
0,chronos2_baseline,0.0563864820,0.1146576628,0.0563864820,0.1146576628,1.0000000000,"[2545, 24]",4B,2022
1,chronos2_baseline,0.0695754588,0.1518158764,0.0695754588,0.1518158764,1.0000000000,"[2545, 24]",4B,2022
2,chronos2_baseline,0.0642672479,0.1453535110,0.0642672479,0.1453535110,1.0000000000,"[2545, 24]",4B,2022
3,chronos2_baseline,0.0655679703,0.1446676403,0.0655679703,0.1446676403,1.0000000000,"[2545, 24]",4B,2022
4,chronos2_baseline,0.0681890026,0.1318674684,0.0681890026,0.1318674684,1.0000000000,"[2545, 24]",4B,2022
5,chronos2_baseline,0.0651458725,0.1418315768,0.0651458725,0.1418315768,1.0000000000,"[2545, 24]",4B,2022
6,chronos2_baseline,0.0737863928,0.1485624909,0.0737863928,0.1485624909,1.0000000000,"[2545, 24]",4B,2022
7,chronos2_baseline,0.0721924976,0.1380827278,0.0721924976,0.1380827278,1.0000000000,"[2545, 24]",4B,2022
8,chronos2_baseline,0.0576778241,0.1122439206,0.0576778241,0.1122439206,1.0000000000,"[2545, 24]",4B,2022
9,chronos2_baseline,0.0684688762,0.1349769235,0.0684688762,0.1349769235,1.0000000000,"[2545, 24]",4B,2022
0,stage4a_cross_attention,0.0485650674,0.0958226547,0.0485650674,0.0958226547,1.0000000000,"[2545, 24]",4B,2022
1,stage4a_cross_attention,0.0549415089,0.1063166931,0.0549415089,0.1063166931,1.0000000000,"[2545, 24]",4B,2022
2,stage4a_cross_attention,0.0467644408,0.0945025012,0.0467644408,0.0945025012,1.0000000000,"[2545, 24]",4B,2022
3,stage4a_cross_attention,0.0478918292,0.1000233442,0.0478918292,0.1000233442,1.0000000000,"[2545, 24]",4B,2022
4,stage4a_cross_attention,0.0512710027,0.1004674584,0.0512710027,0.1004674584,1.0000000000,"[2545, 24]",4B,2022
5,stage4a_cross_attention,0.0497729033,0.1021755487,0.0497729033,0.1021755487,1.0000000000,"[2545, 24]",4B,2022
6,stage4a_cross_attention,0.0576644018,0.1167465523,0.0576644018,0.1167465523,1.0000000000,"[2545, 24]",4B,2022
7,stage4a_cross_attention,0.0591505729,0.1118681207,0.0591505729,0.1118681207,1.0000000000,"[2545, 24]",4B,2022
8,stage4a_cross_attention,0.0449683517,0.0867363065,0.0449683517,0.0867363065,1.0000000000,"[2545, 24]",4B,2022
9,stage4a_cross_attention,0.0505906977,0.1004506052,0.0505906977,0.1004506052,1.0000000000,"[2545, 24]",4B,2022
0,cora_aligned,0.0467513055,0.0926112980,0.0467513055,0.0926112980,1.0000000000,"[2545, 24]",4B,2022
1,cora_aligned,0.0532320626,0.1030946821,0.0532320626,0.1030946821,1.0000000000,"[2545, 24]",4B,2022
2,cora_aligned,0.0452764742,0.0915690064,0.0452764742,0.0915690064,1.0000000000,"[2545, 24]",4B,2022
3,cora_aligned,0.0473274924,0.0974400342,0.0473274924,0.0974400342,1.0000000000,"[2545, 24]",4B,2022
4,cora_aligned,0.0494644716,0.0971978009,0.0494644716,0.0971978009,1.0000000000,"[2545, 24]",4B,2022
5,cora_aligned,0.0485713221,0.0975159705,0.0485713221,0.0975159705,1.0000000000,"[2545, 24]",4B,2022
6,cora_aligned,0.0562966131,0.1107278690,0.0562966131,0.1107278690,1.0000000000,"[2545, 24]",4B,2022
7,cora_aligned,0.0561145954,0.1055733785,0.0561145954,0.1055733785,1.0000000000,"[2545, 24]",4B,2022
8,cora_aligned,0.0425705947,0.0815972760,0.0425705947,0.0815972760,1.0000000000,"[2545, 24]",4B,2022
9,cora_aligned,0.0502491221,0.0990960076,0.0502491221,0.0990960076,1.0000000000,"[2545, 24]",4B,2022
0,cora_shuffled,0.0782671645,0.1659987271,0.0782671645,0.1659987271,1.0000000000,"[2545, 24]",4B,2022
1,cora_shuffled,0.0884466171,0.1985883415,0.0884466171,0.1985883415,1.0000000000,"[2545, 24]",4B,2022
2,cora_shuffled,0.0851225927,0.1892099530,0.0851225927,0.1892099530,1.0000000000,"[2545, 24]",4B,2022
3,cora_shuffled,0.0860416889,0.1803560704,0.0860416889,0.1803560704,1.0000000000,"[2545, 24]",4B,2022
4,cora_shuffled,0.0906479359,0.2004863918,0.0906479359,0.2004863918,1.0000000000,"[2545, 24]",4B,2022
5,cora_shuffled,0.0863570645,0.1895327717,0.0863570645,0.1895327717,1.0000000000,"[2545, 24]",4B,2022
6,cora_shuffled,0.0933500230,0.2055435181,0.0933500230,0.2055435181,1.0000000000,"[2545, 24]",4B,2022
7,cora_shuffled,0.0937836692,0.1969685256,0.0937836692,0.1969685256,1.0000000000,"[2545, 24]",4B,2022
8,cora_shuffled,0.0774770975,0.1625922024,0.0774770975,0.1625922024,1.0000000000,"[2545, 24]",4B,2022
9,cora_shuffled,0.0891471878,0.2085034251,0.0891471878,0.2085034251,1.0000000000,"[2545, 24]",4B,2022
0,chronos2_baseline,0.0563864820,0.1146576628,0.0563864820,0.1146576628,1.0000000000,"[2545, 24]",4B,2023
1,chronos2_baseline,0.0695754588,0.1518158764,0.0695754588,0.1518158764,1.0000000000,"[2545, 24]",4B,2023
2,chronos2_baseline,0.0642672479,0.1453535110,0.0642672479,0.1453535110,1.0000000000,"[2545, 24]",4B,2023
3,chronos2_baseline,0.0655679703,0.1446676403,0.0655679703,0.1446676403,1.0000000000,"[2545, 24]",4B,2023
4,chronos2_baseline,0.0681890026,0.1318674684,0.0681890026,0.1318674684,1.0000000000,"[2545, 24]",4B,2023
5,chronos2_baseline,0.0651458725,0.1418315768,0.0651458725,0.1418315768,1.0000000000,"[2545, 24]",4B,2023
6,chronos2_baseline,0.0737863928,0.1485624909,0.0737863928,0.1485624909,1.0000000000,"[2545, 24]",4B,2023
7,chronos2_baseline,0.0721924976,0.1380827278,0.0721924976,0.1380827278,1.0000000000,"[2545, 24]",4B,2023
8,chronos2_baseline,0.0576778241,0.1122439206,0.0576778241,0.1122439206,1.0000000000,"[2545, 24]",4B,2023
9,chronos2_baseline,0.0684688762,0.1349769235,0.0684688762,0.1349769235,1.0000000000,"[2545, 24]",4B,2023
0,stage4a_cross_attention,0.0484389737,0.0938234851,0.0484389737,0.0938234851,1.0000000000,"[2545, 24]",4B,2023
1,stage4a_cross_attention,0.0550981686,0.1055237800,0.0550981686,0.1055237800,1.0000000000,"[2545, 24]",4B,2023
2,stage4a_cross_attention,0.0474893451,0.0954967737,0.0474893451,0.0954967737,1.0000000000,"[2545, 24]",4B,2023
3,stage4a_cross_attention,0.0475465804,0.0984571278,0.0475465804,0.0984571278,1.0000000000,"[2545, 24]",4B,2023
4,stage4a_cross_attention,0.0513451472,0.0985528678,0.0513451472,0.0985528678,1.0000000000,"[2545, 24]",4B,2023
5,stage4a_cross_attention,0.0505017340,0.0995909795,0.0505017340,0.0995909795,1.0000000000,"[2545, 24]",4B,2023
6,stage4a_cross_attention,0.0577744953,0.1138421744,0.0577744953,0.1138421744,1.0000000000,"[2545, 24]",4B,2023
7,stage4a_cross_attention,0.0574687570,0.1058270633,0.0574687570,0.1058270633,1.0000000000,"[2545, 24]",4B,2023
8,stage4a_cross_attention,0.0432602316,0.0817670971,0.0432602316,0.0817670971,1.0000000000,"[2545, 24]",4B,2023
9,stage4a_cross_attention,0.0492387041,0.0968581513,0.0492387041,0.0968581513,1.0000000000,"[2545, 24]",4B,2023
0,cora_aligned,0.0466894731,0.0909835026,0.0466894731,0.0909835026,1.0000000000,"[2545, 24]",4B,2023
1,cora_aligned,0.0530090258,0.1012996361,0.0530090258,0.1012996361,1.0000000000,"[2545, 24]",4B,2023
2,cora_aligned,0.0454583243,0.0916128680,0.0454583243,0.0916128680,1.0000000000,"[2545, 24]",4B,2023
3,cora_aligned,0.0469776578,0.0965864435,0.0469776578,0.0965864435,1.0000000000,"[2545, 24]",4B,2023
4,cora_aligned,0.0497390442,0.0961490944,0.0497390442,0.0961490944,1.0000000000,"[2545, 24]",4B,2023
5,cora_aligned,0.0474090800,0.0938643590,0.0474090800,0.0938643590,1.0000000000,"[2545, 24]",4B,2023
6,cora_aligned,0.0563870929,0.1107939854,0.0563870929,0.1107939854,1.0000000000,"[2545, 24]",4B,2023
7,cora_aligned,0.0550481975,0.1020064428,0.0550481975,0.1020064428,1.0000000000,"[2545, 24]",4B,2023
8,cora_aligned,0.0419233218,0.0794220567,0.0419233218,0.0794220567,1.0000000000,"[2545, 24]",4B,2023
9,cora_aligned,0.0500326082,0.0975302905,0.0500326082,0.0975302905,1.0000000000,"[2545, 24]",4B,2023
0,cora_shuffled,0.0777604952,0.1717837602,0.0777604952,0.1717837602,1.0000000000,"[2545, 24]",4B,2023
1,cora_shuffled,0.0836748034,0.1792743504,0.0836748034,0.1792743504,1.0000000000,"[2545, 24]",4B,2023
2,cora_shuffled,0.0827913955,0.1792762727,0.0827913955,0.1792762727,1.0000000000,"[2545, 24]",4B,2023
3,cora_shuffled,0.0815013051,0.1685002744,0.0815013051,0.1685002744,1.0000000000,"[2545, 24]",4B,2023
4,cora_shuffled,0.0842224956,0.1781974286,0.0842224956,0.1781974286,1.0000000000,"[2545, 24]",4B,2023
5,cora_shuffled,0.0818684623,0.1783798188,0.0818684623,0.1783798188,1.0000000000,"[2545, 24]",4B,2023
6,cora_shuffled,0.0869608521,0.1793201417,0.0869608521,0.1793201417,1.0000000000,"[2545, 24]",4B,2023
7,cora_shuffled,0.0917735398,0.1946548671,0.0917735398,0.1946548671,1.0000000000,"[2545, 24]",4B,2023
8,cora_shuffled,0.0755053386,0.1599678248,0.0755053386,0.1599678248,1.0000000000,"[2545, 24]",4B,2023
9,cora_shuffled,0.0825145394,0.1730296314,0.0825145394,0.1730296314,1.0000000000,"[2545, 24]",4B,2023
