project,task_id,status,stage,dataset,model,seeds,pred_len,git_commit,branch,entrypoint,output_dir,report_or_registry,notes,updated_at
solar-energy,gefcom_zone1_pred72_three_seed,approved,native_fair_benchmark,GEFCom-zone1,Transformer|FusionSFSolar,2021|2022|2023,72,215b09c,main,run_longExp_solarv2.py,results/solar,reports/gefcom_zone1_pred72_power_only_three_seed.md,Power-only; full protocol fairness audits passed,2026-08-02
solar-energy,gefcom_zone1_short_horizons_seed2021,completed,native_fair_benchmark,GEFCom-zone1,Transformer|FusionSFSolar,2021,1|4,c0f9512,main,run_longExp_solarv2.py,results/solar,reports/gefcom_zone1_power_only_horizon_comparison.md,Power-only; additional seeds not started,2026-08-02
solar-energy,solarv4_full_acceptance,approved,preflight,GEFCom-zone1,PatchTST|DLinear|NLinear,2026,1|4|72,712bfcc,fix/run-solarv4-full-verified,run_solarv4_full_verified.sh,results/verified/run_solarv4_full/preflight_acceptance_20260802,reports/run_solarv4_full_verified_audit.md,Three-task one-epoch preflight; excluded from final table,2026-08-02
solar-energy,solarv4_full_712bfcc_20260802,running,final_full_run,StateGrid-1:8|SKIPPD-1|GEFCom-1:3,PatchTST|DLinear|NLinear,42|123,1|4|16|72|288,712bfcc,fix/run-solarv4-full-verified,run_solarv4_full_verified.sh,/home/zhaopp/workspace/solar-energy-full-run-712bfcc/results/verified/run_solarv4_full/full_712bfcc_20260802,reports/run_solarv4_full_run_plan.md,Running in isolated detached worktree; 72 planned model runs,2026-08-02
solar-energy,stage3a_injection_semantics_audit,completed,chronos2_embedding_audit,GEFCom-zone1,Chronos-2-baseline|aligned|shuffled|zero,42,72,aeedce9,fix/run-solarv4-full-verified,run_stage3a_injection_semantics_audit.py,results/stage3a/gefcom_zone1_336_72/injection_semantics_audit,results/stage3a/gefcom_zone1_336_72/injection_semantics_audit/audit_report.md,64 saved windows; inference only; conclusion C; no future covariates,2026-08-02
solar-energy,stage3b_embedding_linear_probe,completed,frozen_embedding_linear_probe,GEFCom-zone1,Ridge-aligned|shuffled|raw24|zero,2021,72,f77719f,fix/run-solarv4-full-verified,run_stage3b_embedding_linear_probe.py,results/stage3b/gefcom_zone1_336_72_linear_probe,results/stage3b/gefcom_zone1_336_72_linear_probe/comparison.md,5289 windows; chronological 60/10/30; conclusion C; no Chronos or future covariates,2026-08-02
solar-energy,stage3b_mmsp_ts_fusion_embedding,blocked,mmsp_embedding_preflight,MMSP,FusionSF3M|Chronos-2,42,24,03458c0,fix/run-solarv4-full-verified,run_stage3b_mmsp_ts_fusion_embedding_chronos2.py,results/stage3b/mmsp_24_24_ts_fusion_embedding,results/stage3b/mmsp_24_24_ts_fusion_embedding/audit_report.md,Conclusion E; NWP issue time unavailable; no model inference or predictions,2026-08-02
solar-energy,stage3b_ts_mmsp_chronos2,completed,frozen_ts_embedding_inference,MMSP-sites0-9,Chronos-2-baseline|TS-aligned|TS-shuffled,2021,24,8c7b405,fix/run-solarv4-full-verified,run_stage3b_ts_mmsp_chronos2.py,results/stage3b/mmsp_24_24_ts_embedding,results/stage3b/mmsp_24_24_ts_embedding/comparison.md,25450 unseen-site windows; negative result; no NWP satellite training or future power,2026-08-02
solar-energy,stage3b_fusion_mmsp_chronos2,completed,frozen_fusion_embedding_inference,MMSP-sites0-9,Chronos-2-baseline|TS-aligned|Fusion-aligned|Fusion-shuffled,2021,24,af9c676,fix/run-solarv4-full-verified,run_stage3b_fusion_mmsp_chronos2.py,results/stage3b/mmsp_24_24_fusion_embedding,results/stage3b/mmsp_24_24_fusion_embedding/audit_report.md,25450 unseen-site windows; negative result; Fusion aligned equals shuffled predictions and underperforms baseline and TS,2026-08-02
