window_id,idx_start,context_start,t_origin,fusionsf_start,fusionsf_end,forecast_start,forecast_end,target_timestamps,shuffled_source_window_id,shuffled_source_origin
w0,13288,2013-10-06T17:00:00.000000000,2013-10-20T16:00:00.000000000,2013-10-19T17:00:00.000000000,2013-10-20T16:00:00.000000000,2013-10-20T17:00:00.000000000,2013-10-23T16:00:00.000000000,"[""2013-10-20T17:00:00.000000000"", ""2013-10-20T18:00:00.000000000"", ""2013-10-20T19:00:00.000000000"", ""2013-10-20T20:00:00.000000000"", ""2013-10-20T21:00:00.000000000"", ""2013-10-20T22:00:00.000000000"", ""2013-10-20T23:00:00.000000000"", ""2013-10-21T00:00:00.000000000"", ""2013-10-21T01:00:00.000000000"", ""2013-10-21T02:00:00.000000000"", ""2013-10-21T03:00:00.000000000"", ""2013-10-21T04:00:00.000000000"", ""2013-10-21T05:00:00.000000000"", ""2013-10-21T06:00:00.000000000"", ""2013-10-21T07:00:00.000000000"", ""2013-10-21T08:00:00.000000000"", ""2013-10-21T09:00:00.000000000"", ""2013-10-21T10:00:00.000000000"", ""2013-10-21T11:00:00.000000000"", ""2013-10-21T12:00:00.000000000"", ""2013-10-21T13:00:00.000000000"", ""2013-10-21T14:00:00.000000000"", ""2013-10-21T15:00:00.000000000"", ""2013-10-21T16:00:00.000000000"", ""2013-10-21T17:00:00.000000000"", ""2013-10-21T18:00:00.000000000"", ""2013-10-21T19:00:00.000000000"", ""2013-10-21T20:00:00.000000000"", ""2013-10-21T21:00:00.000000000"", ""2013-10-21T22:00:00.000000000"", ""2013-10-21T23:00:00.000000000"", ""2013-10-22T00:00:00.000000000"", ""2013-10-22T01:00:00.000000000"", ""2013-10-22T02:00:00.000000000"", ""2013-10-22T03:00:00.000000000"", ""2013-10-22T04:00:00.000000000"", ""2013-10-22T05:00:00.000000000"", ""2013-10-22T06:00:00.000000000"", ""2013-10-22T07:00:00.000000000"", ""2013-10-22T08:00:00.000000000"", ""2013-10-22T09:00:00.000000000"", ""2013-10-22T10:00:00.000000000"", ""2013-10-22T11:00:00.000000000"", ""2013-10-22T12:00:00.000000000"", ""2013-10-22T13:00:00.000000000"", ""2013-10-22T14:00:00.000000000"", ""2013-10-22T15:00:00.000000000"", ""2013-10-22T16:00:00.000000000"", ""2013-10-22T17:00:00.000000000"", ""2013-10-22T18:00:00.000000000"", ""2013-10-22T19:00:00.000000000"", ""2013-10-22T20:00:00.000000000"", ""2013-10-22T21:00:00.000000000"", ""2013-10-22T22:00:00.000000000"", ""2013-10-22T23:00:00.000000000"", ""2013-10-23T00:00:00.000000000"", ""2013-10-23T01:00:00.000000000"", ""2013-10-23T02:00:00.000000000"", ""2013-10-23T03:00:00.000000000"", ""2013-10-23T04:00:00.000000000"", ""2013-10-23T05:00:00.000000000"", ""2013-10-23T06:00:00.000000000"", ""2013-10-23T07:00:00.000000000"", ""2013-10-23T08:00:00.000000000"", ""2013-10-23T09:00:00.000000000"", ""2013-10-23T10:00:00.000000000"", ""2013-10-23T11:00:00.000000000"", ""2013-10-23T12:00:00.000000000"", ""2013-10-23T13:00:00.000000000"", ""2013-10-23T14:00:00.000000000"", ""2013-10-23T15:00:00.000000000"", ""2013-10-23T16:00:00.000000000""]",w30,2013-10-21T22:00:00.000000000
w1,13289,2013-10-06T18:00:00.000000000,2013-10-20T17:00:00.000000000,2013-10-19T18:00:00.000000000,2013-10-20T17:00:00.000000000,2013-10-20T18:00:00.000000000,2013-10-23T17:00:00.000000000,"[""2013-10-20T18:00:00.000000000"", ""2013-10-20T19:00:00.000000000"", ""2013-10-20T20:00:00.000000000"", ""2013-10-20T21:00:00.000000000"", ""2013-10-20T22:00:00.000000000"", ""2013-10-20T23:00:00.000000000"", ""2013-10-21T00:00:00.000000000"", ""2013-10-21T01:00:00.000000000"", ""2013-10-21T02:00:00.000000000"", ""2013-10-21T03:00:00.000000000"", ""2013-10-21T04:00:00.000000000"", ""2013-10-21T05:00:00.000000000"", ""2013-10-21T06:00:00.000000000"", ""2013-10-21T07:00:00.000000000"", ""2013-10-21T08:00:00.000000000"", ""2013-10-21T09:00:00.000000000"", ""2013-10-21T10:00:00.000000000"", ""2013-10-21T11:00:00.000000000"", ""2013-10-21T12:00:00.000000000"", ""2013-10-21T13:00:00.000000000"", ""2013-10-21T14:00:00.000000000"", ""2013-10-21T15:00:00.000000000"", ""2013-10-21T16:00:00.000000000"", ""2013-10-21T17:00:00.000000000"", ""2013-10-21T18:00:00.000000000"", ""2013-10-21T19:00:00.000000000"", ""2013-10-21T20:00:00.000000000"", ""2013-10-21T21:00:00.000000000"", ""2013-10-21T22:00:00.000000000"", ""2013-10-21T23:00:00.000000000"", ""2013-10-22T00:00:00.000000000"", ""2013-10-22T01:00:00.000000000"", ""2013-10-22T02:00:00.000000000"", ""2013-10-22T03:00:00.000000000"", ""2013-10-22T04:00:00.000000000"", ""2013-10-22T05:00:00.000000000"", ""2013-10-22T06:00:00.000000000"", ""2013-10-22T07:00:00.000000000"", ""2013-10-22T08:00:00.000000000"", ""2013-10-22T09:00:00.000000000"", ""2013-10-22T10:00:00.000000000"", ""2013-10-22T11:00:00.000000000"", ""2013-10-22T12:00:00.000000000"", ""2013-10-22T13:00:00.000000000"", ""2013-10-22T14:00:00.000000000"", ""2013-10-22T15:00:00.000000000"", ""2013-10-22T16:00:00.000000000"", ""2013-10-22T17:00:00.000000000"", ""2013-10-22T18:00:00.000000000"", ""2013-10-22T19:00:00.000000000"", ""2013-10-22T20:00:00.000000000"", ""2013-10-22T21:00:00.000000000"", ""2013-10-22T22:00:00.000000000"", ""2013-10-22T23:00:00.000000000"", ""2013-10-23T00:00:00.000000000"", ""2013-10-23T01:00:00.000000000"", ""2013-10-23T02:00:00.000000000"", ""2013-10-23T03:00:00.000000000"", ""2013-10-23T04:00:00.000000000"", ""2013-10-23T05:00:00.000000000"", ""2013-10-23T06:00:00.000000000"", ""2013-10-23T07:00:00.000000000"", ""2013-10-23T08:00:00.000000000"", ""2013-10-23T09:00:00.000000000"", ""2013-10-23T10:00:00.000000000"", ""2013-10-23T11:00:00.000000000"", ""2013-10-23T12:00:00.000000000"", ""2013-10-23T13:00:00.000000000"", ""2013-10-23T14:00:00.000000000"", ""2013-10-23T15:00:00.000000000"", ""2013-10-23T16:00:00.000000000"", ""2013-10-23T17:00:00.000000000""]",w8,2013-10-21T00:00:00.000000000
w2,13290,2013-10-06T19:00:00.000000000,2013-10-20T18:00:00.000000000,2013-10-19T19:00:00.000000000,2013-10-20T18:00:00.000000000,2013-10-20T19:00:00.000000000,2013-10-23T18:00:00.000000000,"[""2013-10-20T19:00:00.000000000"", ""2013-10-20T20:00:00.000000000"", ""2013-10-20T21:00:00.000000000"", ""2013-10-20T22:00:00.000000000"", ""2013-10-20T23:00:00.000000000"", ""2013-10-21T00:00:00.000000000"", ""2013-10-21T01:00:00.000000000"", ""2013-10-21T02:00:00.000000000"", ""2013-10-21T03:00:00.000000000"", ""2013-10-21T04:00:00.000000000"", ""2013-10-21T05:00:00.000000000"", ""2013-10-21T06:00:00.000000000"", ""2013-10-21T07:00:00.000000000"", ""2013-10-21T08:00:00.000000000"", ""2013-10-21T09:00:00.000000000"", ""2013-10-21T10:00:00.000000000"", ""2013-10-21T11:00:00.000000000"", ""2013-10-21T12:00:00.000000000"", ""2013-10-21T13:00:00.000000000"", ""2013-10-21T14:00:00.000000000"", ""2013-10-21T15:00:00.000000000"", ""2013-10-21T16:00:00.000000000"", ""2013-10-21T17:00:00.000000000"", ""2013-10-21T18:00:00.000000000"", ""2013-10-21T19:00:00.000000000"", ""2013-10-21T20:00:00.000000000"", ""2013-10-21T21:00:00.000000000"", ""2013-10-21T22:00:00.000000000"", ""2013-10-21T23:00:00.000000000"", ""2013-10-22T00:00:00.000000000"", ""2013-10-22T01:00:00.000000000"", ""2013-10-22T02:00:00.000000000"", ""2013-10-22T03:00:00.000000000"", ""2013-10-22T04:00:00.000000000"", ""2013-10-22T05:00:00.000000000"", ""2013-10-22T06:00:00.000000000"", ""2013-10-22T07:00:00.000000000"", ""2013-10-22T08:00:00.000000000"", ""2013-10-22T09:00:00.000000000"", ""2013-10-22T10:00:00.000000000"", ""2013-10-22T11:00:00.000000000"", ""2013-10-22T12:00:00.000000000"", ""2013-10-22T13:00:00.000000000"", ""2013-10-22T14:00:00.000000000"", ""2013-10-22T15:00:00.000000000"", ""2013-10-22T16:00:00.000000000"", ""2013-10-22T17:00:00.000000000"", ""2013-10-22T18:00:00.000000000"", ""2013-10-22T19:00:00.000000000"", ""2013-10-22T20:00:00.000000000"", ""2013-10-22T21:00:00.000000000"", ""2013-10-22T22:00:00.000000000"", ""2013-10-22T23:00:00.000000000"", ""2013-10-23T00:00:00.000000000"", ""2013-10-23T01:00:00.000000000"", ""2013-10-23T02:00:00.000000000"", ""2013-10-23T03:00:00.000000000"", ""2013-10-23T04:00:00.000000000"", ""2013-10-23T05:00:00.000000000"", ""2013-10-23T06:00:00.000000000"", ""2013-10-23T07:00:00.000000000"", ""2013-10-23T08:00:00.000000000"", ""2013-10-23T09:00:00.000000000"", ""2013-10-23T10:00:00.000000000"", ""2013-10-23T11:00:00.000000000"", ""2013-10-23T12:00:00.000000000"", ""2013-10-23T13:00:00.000000000"", ""2013-10-23T14:00:00.000000000"", ""2013-10-23T15:00:00.000000000"", ""2013-10-23T16:00:00.000000000"", ""2013-10-23T17:00:00.000000000"", ""2013-10-23T18:00:00.000000000""]",w0,2013-10-20T16:00:00.000000000
w3,13291,2013-10-06T20:00:00.000000000,2013-10-20T19:00:00.000000000,2013-10-19T20:00:00.000000000,2013-10-20T19:00:00.000000000,2013-10-20T20:00:00.000000000,2013-10-23T19:00:00.000000000,"[""2013-10-20T20:00:00.000000000"", ""2013-10-20T21:00:00.000000000"", ""2013-10-20T22:00:00.000000000"", ""2013-10-20T23:00:00.000000000"", ""2013-10-21T00:00:00.000000000"", ""2013-10-21T01:00:00.000000000"", ""2013-10-21T02:00:00.000000000"", ""2013-10-21T03:00:00.000000000"", ""2013-10-21T04:00:00.000000000"", ""2013-10-21T05:00:00.000000000"", ""2013-10-21T06:00:00.000000000"", ""2013-10-21T07:00:00.000000000"", ""2013-10-21T08:00:00.000000000"", ""2013-10-21T09:00:00.000000000"", ""2013-10-21T10:00:00.000000000"", ""2013-10-21T11:00:00.000000000"", ""2013-10-21T12:00:00.000000000"", ""2013-10-21T13:00:00.000000000"", ""2013-10-21T14:00:00.000000000"", ""2013-10-21T15:00:00.000000000"", ""2013-10-21T16:00:00.000000000"", ""2013-10-21T17:00:00.000000000"", ""2013-10-21T18:00:00.000000000"", ""2013-10-21T19:00:00.000000000"", ""2013-10-21T20:00:00.000000000"", ""2013-10-21T21:00:00.000000000"", ""2013-10-21T22:00:00.000000000"", ""2013-10-21T23:00:00.000000000"", ""2013-10-22T00:00:00.000000000"", ""2013-10-22T01:00:00.000000000"", ""2013-10-22T02:00:00.000000000"", ""2013-10-22T03:00:00.000000000"", ""2013-10-22T04:00:00.000000000"", ""2013-10-22T05:00:00.000000000"", ""2013-10-22T06:00:00.000000000"", ""2013-10-22T07:00:00.000000000"", ""2013-10-22T08:00:00.000000000"", ""2013-10-22T09:00:00.000000000"", ""2013-10-22T10:00:00.000000000"", ""2013-10-22T11:00:00.000000000"", ""2013-10-22T12:00:00.000000000"", ""2013-10-22T13:00:00.000000000"", ""2013-10-22T14:00:00.000000000"", ""2013-10-22T15:00:00.000000000"", ""2013-10-22T16:00:00.000000000"", ""2013-10-22T17:00:00.000000000"", ""2013-10-22T18:00:00.000000000"", ""2013-10-22T19:00:00.000000000"", ""2013-10-22T20:00:00.000000000"", ""2013-10-22T21:00:00.000000000"", ""2013-10-22T22:00:00.000000000"", ""2013-10-22T23:00:00.000000000"", ""2013-10-23T00:00:00.000000000"", ""2013-10-23T01:00:00.000000000"", ""2013-10-23T02:00:00.000000000"", ""2013-10-23T03:00:00.000000000"", ""2013-10-23T04:00:00.000000000"", ""2013-10-23T05:00:00.000000000"", ""2013-10-23T06:00:00.000000000"", ""2013-10-23T07:00:00.000000000"", ""2013-10-23T08:00:00.000000000"", ""2013-10-23T09:00:00.000000000"", ""2013-10-23T10:00:00.000000000"", ""2013-10-23T11:00:00.000000000"", ""2013-10-23T12:00:00.000000000"", ""2013-10-23T13:00:00.000000000"", ""2013-10-23T14:00:00.000000000"", ""2013-10-23T15:00:00.000000000"", ""2013-10-23T16:00:00.000000000"", ""2013-10-23T17:00:00.000000000"", ""2013-10-23T18:00:00.000000000"", ""2013-10-23T19:00:00.000000000""]",w9,2013-10-21T01:00:00.000000000
w4,13292,2013-10-06T21:00:00.000000000,2013-10-20T20:00:00.000000000,2013-10-19T21:00:00.000000000,2013-10-20T20:00:00.000000000,2013-10-20T21:00:00.000000000,2013-10-23T20:00:00.000000000,"[""2013-10-20T21:00:00.000000000"", ""2013-10-20T22:00:00.000000000"", ""2013-10-20T23:00:00.000000000"", ""2013-10-21T00:00:00.000000000"", ""2013-10-21T01:00:00.000000000"", ""2013-10-21T02:00:00.000000000"", ""2013-10-21T03:00:00.000000000"", ""2013-10-21T04:00:00.000000000"", ""2013-10-21T05:00:00.000000000"", ""2013-10-21T06:00:00.000000000"", ""2013-10-21T07:00:00.000000000"", ""2013-10-21T08:00:00.000000000"", ""2013-10-21T09:00:00.000000000"", ""2013-10-21T10:00:00.000000000"", ""2013-10-21T11:00:00.000000000"", ""2013-10-21T12:00:00.000000000"", ""2013-10-21T13:00:00.000000000"", ""2013-10-21T14:00:00.000000000"", ""2013-10-21T15:00:00.000000000"", ""2013-10-21T16:00:00.000000000"", ""2013-10-21T17:00:00.000000000"", ""2013-10-21T18:00:00.000000000"", ""2013-10-21T19:00:00.000000000"", ""2013-10-21T20:00:00.000000000"", ""2013-10-21T21:00:00.000000000"", ""2013-10-21T22:00:00.000000000"", ""2013-10-21T23:00:00.000000000"", ""2013-10-22T00:00:00.000000000"", ""2013-10-22T01:00:00.000000000"", ""2013-10-22T02:00:00.000000000"", ""2013-10-22T03:00:00.000000000"", ""2013-10-22T04:00:00.000000000"", ""2013-10-22T05:00:00.000000000"", ""2013-10-22T06:00:00.000000000"", ""2013-10-22T07:00:00.000000000"", ""2013-10-22T08:00:00.000000000"", ""2013-10-22T09:00:00.000000000"", ""2013-10-22T10:00:00.000000000"", ""2013-10-22T11:00:00.000000000"", ""2013-10-22T12:00:00.000000000"", ""2013-10-22T13:00:00.000000000"", ""2013-10-22T14:00:00.000000000"", ""2013-10-22T15:00:00.000000000"", ""2013-10-22T16:00:00.000000000"", ""2013-10-22T17:00:00.000000000"", ""2013-10-22T18:00:00.000000000"", ""2013-10-22T19:00:00.000000000"", ""2013-10-22T20:00:00.000000000"", ""2013-10-22T21:00:00.000000000"", ""2013-10-22T22:00:00.000000000"", ""2013-10-22T23:00:00.000000000"", ""2013-10-23T00:00:00.000000000"", ""2013-10-23T01:00:00.000000000"", ""2013-10-23T02:00:00.000000000"", ""2013-10-23T03:00:00.000000000"", ""2013-10-23T04:00:00.000000000"", ""2013-10-23T05:00:00.000000000"", ""2013-10-23T06:00:00.000000000"", ""2013-10-23T07:00:00.000000000"", ""2013-10-23T08:00:00.000000000"", ""2013-10-23T09:00:00.000000000"", ""2013-10-23T10:00:00.000000000"", ""2013-10-23T11:00:00.000000000"", ""2013-10-23T12:00:00.000000000"", ""2013-10-23T13:00:00.000000000"", ""2013-10-23T14:00:00.000000000"", ""2013-10-23T15:00:00.000000000"", ""2013-10-23T16:00:00.000000000"", ""2013-10-23T17:00:00.000000000"", ""2013-10-23T18:00:00.000000000"", ""2013-10-23T19:00:00.000000000"", ""2013-10-23T20:00:00.000000000""]",w6,2013-10-20T22:00:00.000000000
w5,13293,2013-10-06T22:00:00.000000000,2013-10-20T21:00:00.000000000,2013-10-19T22:00:00.000000000,2013-10-20T21:00:00.000000000,2013-10-20T22:00:00.000000000,2013-10-23T21:00:00.000000000,"[""2013-10-20T22:00:00.000000000"", ""2013-10-20T23:00:00.000000000"", ""2013-10-21T00:00:00.000000000"", ""2013-10-21T01:00:00.000000000"", ""2013-10-21T02:00:00.000000000"", ""2013-10-21T03:00:00.000000000"", ""2013-10-21T04:00:00.000000000"", ""2013-10-21T05:00:00.000000000"", ""2013-10-21T06:00:00.000000000"", ""2013-10-21T07:00:00.000000000"", ""2013-10-21T08:00:00.000000000"", ""2013-10-21T09:00:00.000000000"", ""2013-10-21T10:00:00.000000000"", ""2013-10-21T11:00:00.000000000"", ""2013-10-21T12:00:00.000000000"", ""2013-10-21T13:00:00.000000000"", ""2013-10-21T14:00:00.000000000"", ""2013-10-21T15:00:00.000000000"", ""2013-10-21T16:00:00.000000000"", ""2013-10-21T17:00:00.000000000"", ""2013-10-21T18:00:00.000000000"", ""2013-10-21T19:00:00.000000000"", ""2013-10-21T20:00:00.000000000"", ""2013-10-21T21:00:00.000000000"", ""2013-10-21T22:00:00.000000000"", ""2013-10-21T23:00:00.000000000"", ""2013-10-22T00:00:00.000000000"", ""2013-10-22T01:00:00.000000000"", ""2013-10-22T02:00:00.000000000"", ""2013-10-22T03:00:00.000000000"", ""2013-10-22T04:00:00.000000000"", ""2013-10-22T05:00:00.000000000"", ""2013-10-22T06:00:00.000000000"", ""2013-10-22T07:00:00.000000000"", ""2013-10-22T08:00:00.000000000"", ""2013-10-22T09:00:00.000000000"", ""2013-10-22T10:00:00.000000000"", ""2013-10-22T11:00:00.000000000"", ""2013-10-22T12:00:00.000000000"", ""2013-10-22T13:00:00.000000000"", ""2013-10-22T14:00:00.000000000"", ""2013-10-22T15:00:00.000000000"", ""2013-10-22T16:00:00.000000000"", ""2013-10-22T17:00:00.000000000"", ""2013-10-22T18:00:00.000000000"", ""2013-10-22T19:00:00.000000000"", ""2013-10-22T20:00:00.000000000"", ""2013-10-22T21:00:00.000000000"", ""2013-10-22T22:00:00.000000000"", ""2013-10-22T23:00:00.000000000"", ""2013-10-23T00:00:00.000000000"", ""2013-10-23T01:00:00.000000000"", ""2013-10-23T02:00:00.000000000"", ""2013-10-23T03:00:00.000000000"", ""2013-10-23T04:00:00.000000000"", ""2013-10-23T05:00:00.000000000"", ""2013-10-23T06:00:00.000000000"", ""2013-10-23T07:00:00.000000000"", ""2013-10-23T08:00:00.000000000"", ""2013-10-23T09:00:00.000000000"", ""2013-10-23T10:00:00.000000000"", ""2013-10-23T11:00:00.000000000"", ""2013-10-23T12:00:00.000000000"", ""2013-10-23T13:00:00.000000000"", ""2013-10-23T14:00:00.000000000"", ""2013-10-23T15:00:00.000000000"", ""2013-10-23T16:00:00.000000000"", ""2013-10-23T17:00:00.000000000"", ""2013-10-23T18:00:00.000000000"", ""2013-10-23T19:00:00.000000000"", ""2013-10-23T20:00:00.000000000"", ""2013-10-23T21:00:00.000000000""]",w26,2013-10-21T18:00:00.000000000
w6,13294,2013-10-06T23:00:00.000000000,2013-10-20T22:00:00.000000000,2013-10-19T23:00:00.000000000,2013-10-20T22:00:00.000000000,2013-10-20T23:00:00.000000000,2013-10-23T22:00:00.000000000,"[""2013-10-20T23:00:00.000000000"", ""2013-10-21T00:00:00.000000000"", ""2013-10-21T01:00:00.000000000"", ""2013-10-21T02:00:00.000000000"", ""2013-10-21T03:00:00.000000000"", ""2013-10-21T04:00:00.000000000"", ""2013-10-21T05:00:00.000000000"", ""2013-10-21T06:00:00.000000000"", ""2013-10-21T07:00:00.000000000"", ""2013-10-21T08:00:00.000000000"", ""2013-10-21T09:00:00.000000000"", ""2013-10-21T10:00:00.000000000"", ""2013-10-21T11:00:00.000000000"", ""2013-10-21T12:00:00.000000000"", ""2013-10-21T13:00:00.000000000"", ""2013-10-21T14:00:00.000000000"", ""2013-10-21T15:00:00.000000000"", ""2013-10-21T16:00:00.000000000"", ""2013-10-21T17:00:00.000000000"", ""2013-10-21T18:00:00.000000000"", ""2013-10-21T19:00:00.000000000"", ""2013-10-21T20:00:00.000000000"", ""2013-10-21T21:00:00.000000000"", ""2013-10-21T22:00:00.000000000"", ""2013-10-21T23:00:00.000000000"", ""2013-10-22T00:00:00.000000000"", ""2013-10-22T01:00:00.000000000"", ""2013-10-22T02:00:00.000000000"", ""2013-10-22T03:00:00.000000000"", ""2013-10-22T04:00:00.000000000"", ""2013-10-22T05:00:00.000000000"", ""2013-10-22T06:00:00.000000000"", ""2013-10-22T07:00:00.000000000"", ""2013-10-22T08:00:00.000000000"", ""2013-10-22T09:00:00.000000000"", ""2013-10-22T10:00:00.000000000"", ""2013-10-22T11:00:00.000000000"", ""2013-10-22T12:00:00.000000000"", ""2013-10-22T13:00:00.000000000"", ""2013-10-22T14:00:00.000000000"", ""2013-10-22T15:00:00.000000000"", ""2013-10-22T16:00:00.000000000"", ""2013-10-22T17:00:00.000000000"", ""2013-10-22T18:00:00.000000000"", ""2013-10-22T19:00:00.000000000"", ""2013-10-22T20:00:00.000000000"", ""2013-10-22T21:00:00.000000000"", ""2013-10-22T22:00:00.000000000"", ""2013-10-22T23:00:00.000000000"", ""2013-10-23T00:00:00.000000000"", ""2013-10-23T01:00:00.000000000"", ""2013-10-23T02:00:00.000000000"", ""2013-10-23T03:00:00.000000000"", ""2013-10-23T04:00:00.000000000"", ""2013-10-23T05:00:00.000000000"", ""2013-10-23T06:00:00.000000000"", ""2013-10-23T07:00:00.000000000"", ""2013-10-23T08:00:00.000000000"", ""2013-10-23T09:00:00.000000000"", ""2013-10-23T10:00:00.000000000"", ""2013-10-23T11:00:00.000000000"", ""2013-10-23T12:00:00.000000000"", ""2013-10-23T13:00:00.000000000"", ""2013-10-23T14:00:00.000000000"", ""2013-10-23T15:00:00.000000000"", ""2013-10-23T16:00:00.000000000"", ""2013-10-23T17:00:00.000000000"", ""2013-10-23T18:00:00.000000000"", ""2013-10-23T19:00:00.000000000"", ""2013-10-23T20:00:00.000000000"", ""2013-10-23T21:00:00.000000000"", ""2013-10-23T22:00:00.000000000""]",w29,2013-10-21T21:00:00.000000000
w7,13295,2013-10-07T00:00:00.000000000,2013-10-20T23:00:00.000000000,2013-10-20T00:00:00.000000000,2013-10-20T23:00:00.000000000,2013-10-21T00:00:00.000000000,2013-10-23T23:00:00.000000000,"[""2013-10-21T00:00:00.000000000"", ""2013-10-21T01:00:00.000000000"", ""2013-10-21T02:00:00.000000000"", ""2013-10-21T03:00:00.000000000"", ""2013-10-21T04:00:00.000000000"", ""2013-10-21T05:00:00.000000000"", ""2013-10-21T06:00:00.000000000"", ""2013-10-21T07:00:00.000000000"", ""2013-10-21T08:00:00.000000000"", ""2013-10-21T09:00:00.000000000"", ""2013-10-21T10:00:00.000000000"", ""2013-10-21T11:00:00.000000000"", ""2013-10-21T12:00:00.000000000"", ""2013-10-21T13:00:00.000000000"", ""2013-10-21T14:00:00.000000000"", ""2013-10-21T15:00:00.000000000"", ""2013-10-21T16:00:00.000000000"", ""2013-10-21T17:00:00.000000000"", ""2013-10-21T18:00:00.000000000"", ""2013-10-21T19:00:00.000000000"", ""2013-10-21T20:00:00.000000000"", ""2013-10-21T21:00:00.000000000"", ""2013-10-21T22:00:00.000000000"", ""2013-10-21T23:00:00.000000000"", ""2013-10-22T00:00:00.000000000"", ""2013-10-22T01:00:00.000000000"", ""2013-10-22T02:00:00.000000000"", ""2013-10-22T03:00:00.000000000"", ""2013-10-22T04:00:00.000000000"", ""2013-10-22T05:00:00.000000000"", ""2013-10-22T06:00:00.000000000"", ""2013-10-22T07:00:00.000000000"", ""2013-10-22T08:00:00.000000000"", ""2013-10-22T09:00:00.000000000"", ""2013-10-22T10:00:00.000000000"", ""2013-10-22T11:00:00.000000000"", ""2013-10-22T12:00:00.000000000"", ""2013-10-22T13:00:00.000000000"", ""2013-10-22T14:00:00.000000000"", ""2013-10-22T15:00:00.000000000"", ""2013-10-22T16:00:00.000000000"", ""2013-10-22T17:00:00.000000000"", ""2013-10-22T18:00:00.000000000"", ""2013-10-22T19:00:00.000000000"", ""2013-10-22T20:00:00.000000000"", ""2013-10-22T21:00:00.000000000"", ""2013-10-22T22:00:00.000000000"", ""2013-10-22T23:00:00.000000000"", ""2013-10-23T00:00:00.000000000"", ""2013-10-23T01:00:00.000000000"", ""2013-10-23T02:00:00.000000000"", ""2013-10-23T03:00:00.000000000"", ""2013-10-23T04:00:00.000000000"", ""2013-10-23T05:00:00.000000000"", ""2013-10-23T06:00:00.000000000"", ""2013-10-23T07:00:00.000000000"", ""2013-10-23T08:00:00.000000000"", ""2013-10-23T09:00:00.000000000"", ""2013-10-23T10:00:00.000000000"", ""2013-10-23T11:00:00.000000000"", ""2013-10-23T12:00:00.000000000"", ""2013-10-23T13:00:00.000000000"", ""2013-10-23T14:00:00.000000000"", ""2013-10-23T15:00:00.000000000"", ""2013-10-23T16:00:00.000000000"", ""2013-10-23T17:00:00.000000000"", ""2013-10-23T18:00:00.000000000"", ""2013-10-23T19:00:00.000000000"", ""2013-10-23T20:00:00.000000000"", ""2013-10-23T21:00:00.000000000"", ""2013-10-23T22:00:00.000000000"", ""2013-10-23T23:00:00.000000000""]",w21,2013-10-21T13:00:00.000000000
w8,13296,2013-10-07T01:00:00.000000000,2013-10-21T00:00:00.000000000,2013-10-20T01:00:00.000000000,2013-10-21T00:00:00.000000000,2013-10-21T01:00:00.000000000,2013-10-24T00:00:00.000000000,"[""2013-10-21T01:00:00.000000000"", ""2013-10-21T02:00:00.000000000"", ""2013-10-21T03:00:00.000000000"", ""2013-10-21T04:00:00.000000000"", ""2013-10-21T05:00:00.000000000"", ""2013-10-21T06:00:00.000000000"", ""2013-10-21T07:00:00.000000000"", ""2013-10-21T08:00:00.000000000"", ""2013-10-21T09:00:00.000000000"", ""2013-10-21T10:00:00.000000000"", ""2013-10-21T11:00:00.000000000"", ""2013-10-21T12:00:00.000000000"", ""2013-10-21T13:00:00.000000000"", ""2013-10-21T14:00:00.000000000"", ""2013-10-21T15:00:00.000000000"", ""2013-10-21T16:00:00.000000000"", ""2013-10-21T17:00:00.000000000"", ""2013-10-21T18:00:00.000000000"", ""2013-10-21T19:00:00.000000000"", ""2013-10-21T20:00:00.000000000"", ""2013-10-21T21:00:00.000000000"", ""2013-10-21T22:00:00.000000000"", ""2013-10-21T23:00:00.000000000"", ""2013-10-22T00:00:00.000000000"", ""2013-10-22T01:00:00.000000000"", ""2013-10-22T02:00:00.000000000"", ""2013-10-22T03:00:00.000000000"", ""2013-10-22T04:00:00.000000000"", ""2013-10-22T05:00:00.000000000"", ""2013-10-22T06:00:00.000000000"", ""2013-10-22T07:00:00.000000000"", ""2013-10-22T08:00:00.000000000"", ""2013-10-22T09:00:00.000000000"", ""2013-10-22T10:00:00.000000000"", ""2013-10-22T11:00:00.000000000"", ""2013-10-22T12:00:00.000000000"", ""2013-10-22T13:00:00.000000000"", ""2013-10-22T14:00:00.000000000"", ""2013-10-22T15:00:00.000000000"", ""2013-10-22T16:00:00.000000000"", ""2013-10-22T17:00:00.000000000"", ""2013-10-22T18:00:00.000000000"", ""2013-10-22T19:00:00.000000000"", ""2013-10-22T20:00:00.000000000"", ""2013-10-22T21:00:00.000000000"", ""2013-10-22T22:00:00.000000000"", ""2013-10-22T23:00:00.000000000"", ""2013-10-23T00:00:00.000000000"", ""2013-10-23T01:00:00.000000000"", ""2013-10-23T02:00:00.000000000"", ""2013-10-23T03:00:00.000000000"", ""2013-10-23T04:00:00.000000000"", ""2013-10-23T05:00:00.000000000"", ""2013-10-23T06:00:00.000000000"", ""2013-10-23T07:00:00.000000000"", ""2013-10-23T08:00:00.000000000"", ""2013-10-23T09:00:00.000000000"", ""2013-10-23T10:00:00.000000000"", ""2013-10-23T11:00:00.000000000"", ""2013-10-23T12:00:00.000000000"", ""2013-10-23T13:00:00.000000000"", ""2013-10-23T14:00:00.000000000"", ""2013-10-23T15:00:00.000000000"", ""2013-10-23T16:00:00.000000000"", ""2013-10-23T17:00:00.000000000"", ""2013-10-23T18:00:00.000000000"", ""2013-10-23T19:00:00.000000000"", ""2013-10-23T20:00:00.000000000"", ""2013-10-23T21:00:00.000000000"", ""2013-10-23T22:00:00.000000000"", ""2013-10-23T23:00:00.000000000"", ""2013-10-24T00:00:00.000000000""]",w15,2013-10-21T07:00:00.000000000
w9,13297,2013-10-07T02:00:00.000000000,2013-10-21T01:00:00.000000000,2013-10-20T02:00:00.000000000,2013-10-21T01:00:00.000000000,2013-10-21T02:00:00.000000000,2013-10-24T01:00:00.000000000,"[""2013-10-21T02:00:00.000000000"", ""2013-10-21T03:00:00.000000000"", ""2013-10-21T04:00:00.000000000"", ""2013-10-21T05:00:00.000000000"", ""2013-10-21T06:00:00.000000000"", ""2013-10-21T07:00:00.000000000"", ""2013-10-21T08:00:00.000000000"", ""2013-10-21T09:00:00.000000000"", ""2013-10-21T10:00:00.000000000"", ""2013-10-21T11:00:00.000000000"", ""2013-10-21T12:00:00.000000000"", ""2013-10-21T13:00:00.000000000"", ""2013-10-21T14:00:00.000000000"", ""2013-10-21T15:00:00.000000000"", ""2013-10-21T16:00:00.000000000"", ""2013-10-21T17:00:00.000000000"", ""2013-10-21T18:00:00.000000000"", ""2013-10-21T19:00:00.000000000"", ""2013-10-21T20:00:00.000000000"", ""2013-10-21T21:00:00.000000000"", ""2013-10-21T22:00:00.000000000"", ""2013-10-21T23:00:00.000000000"", ""2013-10-22T00:00:00.000000000"", ""2013-10-22T01:00:00.000000000"", ""2013-10-22T02:00:00.000000000"", ""2013-10-22T03:00:00.000000000"", ""2013-10-22T04:00:00.000000000"", ""2013-10-22T05:00:00.000000000"", ""2013-10-22T06:00:00.000000000"", ""2013-10-22T07:00:00.000000000"", ""2013-10-22T08:00:00.000000000"", ""2013-10-22T09:00:00.000000000"", ""2013-10-22T10:00:00.000000000"", ""2013-10-22T11:00:00.000000000"", ""2013-10-22T12:00:00.000000000"", ""2013-10-22T13:00:00.000000000"", ""2013-10-22T14:00:00.000000000"", ""2013-10-22T15:00:00.000000000"", ""2013-10-22T16:00:00.000000000"", ""2013-10-22T17:00:00.000000000"", ""2013-10-22T18:00:00.000000000"", ""2013-10-22T19:00:00.000000000"", ""2013-10-22T20:00:00.000000000"", ""2013-10-22T21:00:00.000000000"", ""2013-10-22T22:00:00.000000000"", ""2013-10-22T23:00:00.000000000"", ""2013-10-23T00:00:00.000000000"", ""2013-10-23T01:00:00.000000000"", ""2013-10-23T02:00:00.000000000"", ""2013-10-23T03:00:00.000000000"", ""2013-10-23T04:00:00.000000000"", ""2013-10-23T05:00:00.000000000"", ""2013-10-23T06:00:00.000000000"", ""2013-10-23T07:00:00.000000000"", ""2013-10-23T08:00:00.000000000"", ""2013-10-23T09:00:00.000000000"", ""2013-10-23T10:00:00.000000000"", ""2013-10-23T11:00:00.000000000"", ""2013-10-23T12:00:00.000000000"", ""2013-10-23T13:00:00.000000000"", ""2013-10-23T14:00:00.000000000"", ""2013-10-23T15:00:00.000000000"", ""2013-10-23T16:00:00.000000000"", ""2013-10-23T17:00:00.000000000"", ""2013-10-23T18:00:00.000000000"", ""2013-10-23T19:00:00.000000000"", ""2013-10-23T20:00:00.000000000"", ""2013-10-23T21:00:00.000000000"", ""2013-10-23T22:00:00.000000000"", ""2013-10-23T23:00:00.000000000"", ""2013-10-24T00:00:00.000000000"", ""2013-10-24T01:00:00.000000000""]",w14,2013-10-21T06:00:00.000000000
w10,13298,2013-10-07T03:00:00.000000000,2013-10-21T02:00:00.000000000,2013-10-20T03:00:00.000000000,2013-10-21T02:00:00.000000000,2013-10-21T03:00:00.000000000,2013-10-24T02:00:00.000000000,"[""2013-10-21T03:00:00.000000000"", ""2013-10-21T04:00:00.000000000"", ""2013-10-21T05:00:00.000000000"", ""2013-10-21T06:00:00.000000000"", ""2013-10-21T07:00:00.000000000"", ""2013-10-21T08:00:00.000000000"", ""2013-10-21T09:00:00.000000000"", ""2013-10-21T10:00:00.000000000"", ""2013-10-21T11:00:00.000000000"", ""2013-10-21T12:00:00.000000000"", ""2013-10-21T13:00:00.000000000"", ""2013-10-21T14:00:00.000000000"", ""2013-10-21T15:00:00.000000000"", ""2013-10-21T16:00:00.000000000"", ""2013-10-21T17:00:00.000000000"", ""2013-10-21T18:00:00.000000000"", ""2013-10-21T19:00:00.000000000"", ""2013-10-21T20:00:00.000000000"", ""2013-10-21T21:00:00.000000000"", ""2013-10-21T22:00:00.000000000"", ""2013-10-21T23:00:00.000000000"", ""2013-10-22T00:00:00.000000000"", ""2013-10-22T01:00:00.000000000"", ""2013-10-22T02:00:00.000000000"", ""2013-10-22T03:00:00.000000000"", ""2013-10-22T04:00:00.000000000"", ""2013-10-22T05:00:00.000000000"", ""2013-10-22T06:00:00.000000000"", ""2013-10-22T07:00:00.000000000"", ""2013-10-22T08:00:00.000000000"", ""2013-10-22T09:00:00.000000000"", ""2013-10-22T10:00:00.000000000"", ""2013-10-22T11:00:00.000000000"", ""2013-10-22T12:00:00.000000000"", ""2013-10-22T13:00:00.000000000"", ""2013-10-22T14:00:00.000000000"", ""2013-10-22T15:00:00.000000000"", ""2013-10-22T16:00:00.000000000"", ""2013-10-22T17:00:00.000000000"", ""2013-10-22T18:00:00.000000000"", ""2013-10-22T19:00:00.000000000"", ""2013-10-22T20:00:00.000000000"", ""2013-10-22T21:00:00.000000000"", ""2013-10-22T22:00:00.000000000"", ""2013-10-22T23:00:00.000000000"", ""2013-10-23T00:00:00.000000000"", ""2013-10-23T01:00:00.000000000"", ""2013-10-23T02:00:00.000000000"", ""2013-10-23T03:00:00.000000000"", ""2013-10-23T04:00:00.000000000"", ""2013-10-23T05:00:00.000000000"", ""2013-10-23T06:00:00.000000000"", ""2013-10-23T07:00:00.000000000"", ""2013-10-23T08:00:00.000000000"", ""2013-10-23T09:00:00.000000000"", ""2013-10-23T10:00:00.000000000"", ""2013-10-23T11:00:00.000000000"", ""2013-10-23T12:00:00.000000000"", ""2013-10-23T13:00:00.000000000"", ""2013-10-23T14:00:00.000000000"", ""2013-10-23T15:00:00.000000000"", ""2013-10-23T16:00:00.000000000"", ""2013-10-23T17:00:00.000000000"", ""2013-10-23T18:00:00.000000000"", ""2013-10-23T19:00:00.000000000"", ""2013-10-23T20:00:00.000000000"", ""2013-10-23T21:00:00.000000000"", ""2013-10-23T22:00:00.000000000"", ""2013-10-23T23:00:00.000000000"", ""2013-10-24T00:00:00.000000000"", ""2013-10-24T01:00:00.000000000"", ""2013-10-24T02:00:00.000000000""]",w3,2013-10-20T19:00:00.000000000
w11,13299,2013-10-07T04:00:00.000000000,2013-10-21T03:00:00.000000000,2013-10-20T04:00:00.000000000,2013-10-21T03:00:00.000000000,2013-10-21T04:00:00.000000000,2013-10-24T03:00:00.000000000,"[""2013-10-21T04:00:00.000000000"", ""2013-10-21T05:00:00.000000000"", ""2013-10-21T06:00:00.000000000"", ""2013-10-21T07:00:00.000000000"", ""2013-10-21T08:00:00.000000000"", ""2013-10-21T09:00:00.000000000"", ""2013-10-21T10:00:00.000000000"", ""2013-10-21T11:00:00.000000000"", ""2013-10-21T12:00:00.000000000"", ""2013-10-21T13:00:00.000000000"", ""2013-10-21T14:00:00.000000000"", ""2013-10-21T15:00:00.000000000"", ""2013-10-21T16:00:00.000000000"", ""2013-10-21T17:00:00.000000000"", ""2013-10-21T18:00:00.000000000"", ""2013-10-21T19:00:00.000000000"", ""2013-10-21T20:00:00.000000000"", ""2013-10-21T21:00:00.000000000"", ""2013-10-21T22:00:00.000000000"", ""2013-10-21T23:00:00.000000000"", ""2013-10-22T00:00:00.000000000"", ""2013-10-22T01:00:00.000000000"", ""2013-10-22T02:00:00.000000000"", ""2013-10-22T03:00:00.000000000"", ""2013-10-22T04:00:00.000000000"", ""2013-10-22T05:00:00.000000000"", ""2013-10-22T06:00:00.000000000"", ""2013-10-22T07:00:00.000000000"", ""2013-10-22T08:00:00.000000000"", ""2013-10-22T09:00:00.000000000"", ""2013-10-22T10:00:00.000000000"", ""2013-10-22T11:00:00.000000000"", ""2013-10-22T12:00:00.000000000"", ""2013-10-22T13:00:00.000000000"", ""2013-10-22T14:00:00.000000000"", ""2013-10-22T15:00:00.000000000"", ""2013-10-22T16:00:00.000000000"", ""2013-10-22T17:00:00.000000000"", ""2013-10-22T18:00:00.000000000"", ""2013-10-22T19:00:00.000000000"", ""2013-10-22T20:00:00.000000000"", ""2013-10-22T21:00:00.000000000"", ""2013-10-22T22:00:00.000000000"", ""2013-10-22T23:00:00.000000000"", ""2013-10-23T00:00:00.000000000"", ""2013-10-23T01:00:00.000000000"", ""2013-10-23T02:00:00.000000000"", ""2013-10-23T03:00:00.000000000"", ""2013-10-23T04:00:00.000000000"", ""2013-10-23T05:00:00.000000000"", ""2013-10-23T06:00:00.000000000"", ""2013-10-23T07:00:00.000000000"", ""2013-10-23T08:00:00.000000000"", ""2013-10-23T09:00:00.000000000"", ""2013-10-23T10:00:00.000000000"", ""2013-10-23T11:00:00.000000000"", ""2013-10-23T12:00:00.000000000"", ""2013-10-23T13:00:00.000000000"", ""2013-10-23T14:00:00.000000000"", ""2013-10-23T15:00:00.000000000"", ""2013-10-23T16:00:00.000000000"", ""2013-10-23T17:00:00.000000000"", ""2013-10-23T18:00:00.000000000"", ""2013-10-23T19:00:00.000000000"", ""2013-10-23T20:00:00.000000000"", ""2013-10-23T21:00:00.000000000"", ""2013-10-23T22:00:00.000000000"", ""2013-10-23T23:00:00.000000000"", ""2013-10-24T00:00:00.000000000"", ""2013-10-24T01:00:00.000000000"", ""2013-10-24T02:00:00.000000000"", ""2013-10-24T03:00:00.000000000""]",w24,2013-10-21T16:00:00.000000000
w12,13300,2013-10-07T05:00:00.000000000,2013-10-21T04:00:00.000000000,2013-10-20T05:00:00.000000000,2013-10-21T04:00:00.000000000,2013-10-21T05:00:00.000000000,2013-10-24T04:00:00.000000000,"[""2013-10-21T05:00:00.000000000"", ""2013-10-21T06:00:00.000000000"", ""2013-10-21T07:00:00.000000000"", ""2013-10-21T08:00:00.000000000"", ""2013-10-21T09:00:00.000000000"", ""2013-10-21T10:00:00.000000000"", ""2013-10-21T11:00:00.000000000"", ""2013-10-21T12:00:00.000000000"", ""2013-10-21T13:00:00.000000000"", ""2013-10-21T14:00:00.000000000"", ""2013-10-21T15:00:00.000000000"", ""2013-10-21T16:00:00.000000000"", ""2013-10-21T17:00:00.000000000"", ""2013-10-21T18:00:00.000000000"", ""2013-10-21T19:00:00.000000000"", ""2013-10-21T20:00:00.000000000"", ""2013-10-21T21:00:00.000000000"", ""2013-10-21T22:00:00.000000000"", ""2013-10-21T23:00:00.000000000"", ""2013-10-22T00:00:00.000000000"", ""2013-10-22T01:00:00.000000000"", ""2013-10-22T02:00:00.000000000"", ""2013-10-22T03:00:00.000000000"", ""2013-10-22T04:00:00.000000000"", ""2013-10-22T05:00:00.000000000"", ""2013-10-22T06:00:00.000000000"", ""2013-10-22T07:00:00.000000000"", ""2013-10-22T08:00:00.000000000"", ""2013-10-22T09:00:00.000000000"", ""2013-10-22T10:00:00.000000000"", ""2013-10-22T11:00:00.000000000"", ""2013-10-22T12:00:00.000000000"", ""2013-10-22T13:00:00.000000000"", ""2013-10-22T14:00:00.000000000"", ""2013-10-22T15:00:00.000000000"", ""2013-10-22T16:00:00.000000000"", ""2013-10-22T17:00:00.000000000"", ""2013-10-22T18:00:00.000000000"", ""2013-10-22T19:00:00.000000000"", ""2013-10-22T20:00:00.000000000"", ""2013-10-22T21:00:00.000000000"", ""2013-10-22T22:00:00.000000000"", ""2013-10-22T23:00:00.000000000"", ""2013-10-23T00:00:00.000000000"", ""2013-10-23T01:00:00.000000000"", ""2013-10-23T02:00:00.000000000"", ""2013-10-23T03:00:00.000000000"", ""2013-10-23T04:00:00.000000000"", ""2013-10-23T05:00:00.000000000"", ""2013-10-23T06:00:00.000000000"", ""2013-10-23T07:00:00.000000000"", ""2013-10-23T08:00:00.000000000"", ""2013-10-23T09:00:00.000000000"", ""2013-10-23T10:00:00.000000000"", ""2013-10-23T11:00:00.000000000"", ""2013-10-23T12:00:00.000000000"", ""2013-10-23T13:00:00.000000000"", ""2013-10-23T14:00:00.000000000"", ""2013-10-23T15:00:00.000000000"", ""2013-10-23T16:00:00.000000000"", ""2013-10-23T17:00:00.000000000"", ""2013-10-23T18:00:00.000000000"", ""2013-10-23T19:00:00.000000000"", ""2013-10-23T20:00:00.000000000"", ""2013-10-23T21:00:00.000000000"", ""2013-10-23T22:00:00.000000000"", ""2013-10-23T23:00:00.000000000"", ""2013-10-24T00:00:00.000000000"", ""2013-10-24T01:00:00.000000000"", ""2013-10-24T02:00:00.000000000"", ""2013-10-24T03:00:00.000000000"", ""2013-10-24T04:00:00.000000000""]",w5,2013-10-20T21:00:00.000000000
w13,13301,2013-10-07T06:00:00.000000000,2013-10-21T05:00:00.000000000,2013-10-20T06:00:00.000000000,2013-10-21T05:00:00.000000000,2013-10-21T06:00:00.000000000,2013-10-24T05:00:00.000000000,"[""2013-10-21T06:00:00.000000000"", ""2013-10-21T07:00:00.000000000"", ""2013-10-21T08:00:00.000000000"", ""2013-10-21T09:00:00.000000000"", ""2013-10-21T10:00:00.000000000"", ""2013-10-21T11:00:00.000000000"", ""2013-10-21T12:00:00.000000000"", ""2013-10-21T13:00:00.000000000"", ""2013-10-21T14:00:00.000000000"", ""2013-10-21T15:00:00.000000000"", ""2013-10-21T16:00:00.000000000"", ""2013-10-21T17:00:00.000000000"", ""2013-10-21T18:00:00.000000000"", ""2013-10-21T19:00:00.000000000"", ""2013-10-21T20:00:00.000000000"", ""2013-10-21T21:00:00.000000000"", ""2013-10-21T22:00:00.000000000"", ""2013-10-21T23:00:00.000000000"", ""2013-10-22T00:00:00.000000000"", ""2013-10-22T01:00:00.000000000"", ""2013-10-22T02:00:00.000000000"", ""2013-10-22T03:00:00.000000000"", ""2013-10-22T04:00:00.000000000"", ""2013-10-22T05:00:00.000000000"", ""2013-10-22T06:00:00.000000000"", ""2013-10-22T07:00:00.000000000"", ""2013-10-22T08:00:00.000000000"", ""2013-10-22T09:00:00.000000000"", ""2013-10-22T10:00:00.000000000"", ""2013-10-22T11:00:00.000000000"", ""2013-10-22T12:00:00.000000000"", ""2013-10-22T13:00:00.000000000"", ""2013-10-22T14:00:00.000000000"", ""2013-10-22T15:00:00.000000000"", ""2013-10-22T16:00:00.000000000"", ""2013-10-22T17:00:00.000000000"", ""2013-10-22T18:00:00.000000000"", ""2013-10-22T19:00:00.000000000"", ""2013-10-22T20:00:00.000000000"", ""2013-10-22T21:00:00.000000000"", ""2013-10-22T22:00:00.000000000"", ""2013-10-22T23:00:00.000000000"", ""2013-10-23T00:00:00.000000000"", ""2013-10-23T01:00:00.000000000"", ""2013-10-23T02:00:00.000000000"", ""2013-10-23T03:00:00.000000000"", ""2013-10-23T04:00:00.000000000"", ""2013-10-23T05:00:00.000000000"", ""2013-10-23T06:00:00.000000000"", ""2013-10-23T07:00:00.000000000"", ""2013-10-23T08:00:00.000000000"", ""2013-10-23T09:00:00.000000000"", ""2013-10-23T10:00:00.000000000"", ""2013-10-23T11:00:00.000000000"", ""2013-10-23T12:00:00.000000000"", ""2013-10-23T13:00:00.000000000"", ""2013-10-23T14:00:00.000000000"", ""2013-10-23T15:00:00.000000000"", ""2013-10-23T16:00:00.000000000"", ""2013-10-23T17:00:00.000000000"", ""2013-10-23T18:00:00.000000000"", ""2013-10-23T19:00:00.000000000"", ""2013-10-23T20:00:00.000000000"", ""2013-10-23T21:00:00.000000000"", ""2013-10-23T22:00:00.000000000"", ""2013-10-23T23:00:00.000000000"", ""2013-10-24T00:00:00.000000000"", ""2013-10-24T01:00:00.000000000"", ""2013-10-24T02:00:00.000000000"", ""2013-10-24T03:00:00.000000000"", ""2013-10-24T04:00:00.000000000"", ""2013-10-24T05:00:00.000000000""]",w10,2013-10-21T02:00:00.000000000
w14,13302,2013-10-07T07:00:00.000000000,2013-10-21T06:00:00.000000000,2013-10-20T07:00:00.000000000,2013-10-21T06:00:00.000000000,2013-10-21T07:00:00.000000000,2013-10-24T06:00:00.000000000,"[""2013-10-21T07:00:00.000000000"", ""2013-10-21T08:00:00.000000000"", ""2013-10-21T09:00:00.000000000"", ""2013-10-21T10:00:00.000000000"", ""2013-10-21T11:00:00.000000000"", ""2013-10-21T12:00:00.000000000"", ""2013-10-21T13:00:00.000000000"", ""2013-10-21T14:00:00.000000000"", ""2013-10-21T15:00:00.000000000"", ""2013-10-21T16:00:00.000000000"", ""2013-10-21T17:00:00.000000000"", ""2013-10-21T18:00:00.000000000"", ""2013-10-21T19:00:00.000000000"", ""2013-10-21T20:00:00.000000000"", ""2013-10-21T21:00:00.000000000"", ""2013-10-21T22:00:00.000000000"", ""2013-10-21T23:00:00.000000000"", ""2013-10-22T00:00:00.000000000"", ""2013-10-22T01:00:00.000000000"", ""2013-10-22T02:00:00.000000000"", ""2013-10-22T03:00:00.000000000"", ""2013-10-22T04:00:00.000000000"", ""2013-10-22T05:00:00.000000000"", ""2013-10-22T06:00:00.000000000"", ""2013-10-22T07:00:00.000000000"", ""2013-10-22T08:00:00.000000000"", ""2013-10-22T09:00:00.000000000"", ""2013-10-22T10:00:00.000000000"", ""2013-10-22T11:00:00.000000000"", ""2013-10-22T12:00:00.000000000"", ""2013-10-22T13:00:00.000000000"", ""2013-10-22T14:00:00.000000000"", ""2013-10-22T15:00:00.000000000"", ""2013-10-22T16:00:00.000000000"", ""2013-10-22T17:00:00.000000000"", ""2013-10-22T18:00:00.000000000"", ""2013-10-22T19:00:00.000000000"", ""2013-10-22T20:00:00.000000000"", ""2013-10-22T21:00:00.000000000"", ""2013-10-22T22:00:00.000000000"", ""2013-10-22T23:00:00.000000000"", ""2013-10-23T00:00:00.000000000"", ""2013-10-23T01:00:00.000000000"", ""2013-10-23T02:00:00.000000000"", ""2013-10-23T03:00:00.000000000"", ""2013-10-23T04:00:00.000000000"", ""2013-10-23T05:00:00.000000000"", ""2013-10-23T06:00:00.000000000"", ""2013-10-23T07:00:00.000000000"", ""2013-10-23T08:00:00.000000000"", ""2013-10-23T09:00:00.000000000"", ""2013-10-23T10:00:00.000000000"", ""2013-10-23T11:00:00.000000000"", ""2013-10-23T12:00:00.000000000"", ""2013-10-23T13:00:00.000000000"", ""2013-10-23T14:00:00.000000000"", ""2013-10-23T15:00:00.000000000"", ""2013-10-23T16:00:00.000000000"", ""2013-10-23T17:00:00.000000000"", ""2013-10-23T18:00:00.000000000"", ""2013-10-23T19:00:00.000000000"", ""2013-10-23T20:00:00.000000000"", ""2013-10-23T21:00:00.000000000"", ""2013-10-23T22:00:00.000000000"", ""2013-10-23T23:00:00.000000000"", ""2013-10-24T00:00:00.000000000"", ""2013-10-24T01:00:00.000000000"", ""2013-10-24T02:00:00.000000000"", ""2013-10-24T03:00:00.000000000"", ""2013-10-24T04:00:00.000000000"", ""2013-10-24T05:00:00.000000000"", ""2013-10-24T06:00:00.000000000""]",w1,2013-10-20T17:00:00.000000000
w15,13303,2013-10-07T08:00:00.000000000,2013-10-21T07:00:00.000000000,2013-10-20T08:00:00.000000000,2013-10-21T07:00:00.000000000,2013-10-21T08:00:00.000000000,2013-10-24T07:00:00.000000000,"[""2013-10-21T08:00:00.000000000"", ""2013-10-21T09:00:00.000000000"", ""2013-10-21T10:00:00.000000000"", ""2013-10-21T11:00:00.000000000"", ""2013-10-21T12:00:00.000000000"", ""2013-10-21T13:00:00.000000000"", ""2013-10-21T14:00:00.000000000"", ""2013-10-21T15:00:00.000000000"", ""2013-10-21T16:00:00.000000000"", ""2013-10-21T17:00:00.000000000"", ""2013-10-21T18:00:00.000000000"", ""2013-10-21T19:00:00.000000000"", ""2013-10-21T20:00:00.000000000"", ""2013-10-21T21:00:00.000000000"", ""2013-10-21T22:00:00.000000000"", ""2013-10-21T23:00:00.000000000"", ""2013-10-22T00:00:00.000000000"", ""2013-10-22T01:00:00.000000000"", ""2013-10-22T02:00:00.000000000"", ""2013-10-22T03:00:00.000000000"", ""2013-10-22T04:00:00.000000000"", ""2013-10-22T05:00:00.000000000"", ""2013-10-22T06:00:00.000000000"", ""2013-10-22T07:00:00.000000000"", ""2013-10-22T08:00:00.000000000"", ""2013-10-22T09:00:00.000000000"", ""2013-10-22T10:00:00.000000000"", ""2013-10-22T11:00:00.000000000"", ""2013-10-22T12:00:00.000000000"", ""2013-10-22T13:00:00.000000000"", ""2013-10-22T14:00:00.000000000"", ""2013-10-22T15:00:00.000000000"", ""2013-10-22T16:00:00.000000000"", ""2013-10-22T17:00:00.000000000"", ""2013-10-22T18:00:00.000000000"", ""2013-10-22T19:00:00.000000000"", ""2013-10-22T20:00:00.000000000"", ""2013-10-22T21:00:00.000000000"", ""2013-10-22T22:00:00.000000000"", ""2013-10-22T23:00:00.000000000"", ""2013-10-23T00:00:00.000000000"", ""2013-10-23T01:00:00.000000000"", ""2013-10-23T02:00:00.000000000"", ""2013-10-23T03:00:00.000000000"", ""2013-10-23T04:00:00.000000000"", ""2013-10-23T05:00:00.000000000"", ""2013-10-23T06:00:00.000000000"", ""2013-10-23T07:00:00.000000000"", ""2013-10-23T08:00:00.000000000"", ""2013-10-23T09:00:00.000000000"", ""2013-10-23T10:00:00.000000000"", ""2013-10-23T11:00:00.000000000"", ""2013-10-23T12:00:00.000000000"", ""2013-10-23T13:00:00.000000000"", ""2013-10-23T14:00:00.000000000"", ""2013-10-23T15:00:00.000000000"", ""2013-10-23T16:00:00.000000000"", ""2013-10-23T17:00:00.000000000"", ""2013-10-23T18:00:00.000000000"", ""2013-10-23T19:00:00.000000000"", ""2013-10-23T20:00:00.000000000"", ""2013-10-23T21:00:00.000000000"", ""2013-10-23T22:00:00.000000000"", ""2013-10-23T23:00:00.000000000"", ""2013-10-24T00:00:00.000000000"", ""2013-10-24T01:00:00.000000000"", ""2013-10-24T02:00:00.000000000"", ""2013-10-24T03:00:00.000000000"", ""2013-10-24T04:00:00.000000000"", ""2013-10-24T05:00:00.000000000"", ""2013-10-24T06:00:00.000000000"", ""2013-10-24T07:00:00.000000000""]",w7,2013-10-20T23:00:00.000000000
w16,13304,2013-10-07T09:00:00.000000000,2013-10-21T08:00:00.000000000,2013-10-20T09:00:00.000000000,2013-10-21T08:00:00.000000000,2013-10-21T09:00:00.000000000,2013-10-24T08:00:00.000000000,"[""2013-10-21T09:00:00.000000000"", ""2013-10-21T10:00:00.000000000"", ""2013-10-21T11:00:00.000000000"", ""2013-10-21T12:00:00.000000000"", ""2013-10-21T13:00:00.000000000"", ""2013-10-21T14:00:00.000000000"", ""2013-10-21T15:00:00.000000000"", ""2013-10-21T16:00:00.000000000"", ""2013-10-21T17:00:00.000000000"", ""2013-10-21T18:00:00.000000000"", ""2013-10-21T19:00:00.000000000"", ""2013-10-21T20:00:00.000000000"", ""2013-10-21T21:00:00.000000000"", ""2013-10-21T22:00:00.000000000"", ""2013-10-21T23:00:00.000000000"", ""2013-10-22T00:00:00.000000000"", ""2013-10-22T01:00:00.000000000"", ""2013-10-22T02:00:00.000000000"", ""2013-10-22T03:00:00.000000000"", ""2013-10-22T04:00:00.000000000"", ""2013-10-22T05:00:00.000000000"", ""2013-10-22T06:00:00.000000000"", ""2013-10-22T07:00:00.000000000"", ""2013-10-22T08:00:00.000000000"", ""2013-10-22T09:00:00.000000000"", ""2013-10-22T10:00:00.000000000"", ""2013-10-22T11:00:00.000000000"", ""2013-10-22T12:00:00.000000000"", ""2013-10-22T13:00:00.000000000"", ""2013-10-22T14:00:00.000000000"", ""2013-10-22T15:00:00.000000000"", ""2013-10-22T16:00:00.000000000"", ""2013-10-22T17:00:00.000000000"", ""2013-10-22T18:00:00.000000000"", ""2013-10-22T19:00:00.000000000"", ""2013-10-22T20:00:00.000000000"", ""2013-10-22T21:00:00.000000000"", ""2013-10-22T22:00:00.000000000"", ""2013-10-22T23:00:00.000000000"", ""2013-10-23T00:00:00.000000000"", ""2013-10-23T01:00:00.000000000"", ""2013-10-23T02:00:00.000000000"", ""2013-10-23T03:00:00.000000000"", ""2013-10-23T04:00:00.000000000"", ""2013-10-23T05:00:00.000000000"", ""2013-10-23T06:00:00.000000000"", ""2013-10-23T07:00:00.000000000"", ""2013-10-23T08:00:00.000000000"", ""2013-10-23T09:00:00.000000000"", ""2013-10-23T10:00:00.000000000"", ""2013-10-23T11:00:00.000000000"", ""2013-10-23T12:00:00.000000000"", ""2013-10-23T13:00:00.000000000"", ""2013-10-23T14:00:00.000000000"", ""2013-10-23T15:00:00.000000000"", ""2013-10-23T16:00:00.000000000"", ""2013-10-23T17:00:00.000000000"", ""2013-10-23T18:00:00.000000000"", ""2013-10-23T19:00:00.000000000"", ""2013-10-23T20:00:00.000000000"", ""2013-10-23T21:00:00.000000000"", ""2013-10-23T22:00:00.000000000"", ""2013-10-23T23:00:00.000000000"", ""2013-10-24T00:00:00.000000000"", ""2013-10-24T01:00:00.000000000"", ""2013-10-24T02:00:00.000000000"", ""2013-10-24T03:00:00.000000000"", ""2013-10-24T04:00:00.000000000"", ""2013-10-24T05:00:00.000000000"", ""2013-10-24T06:00:00.000000000"", ""2013-10-24T07:00:00.000000000"", ""2013-10-24T08:00:00.000000000""]",w17,2013-10-21T09:00:00.000000000
w17,13305,2013-10-07T10:00:00.000000000,2013-10-21T09:00:00.000000000,2013-10-20T10:00:00.000000000,2013-10-21T09:00:00.000000000,2013-10-21T10:00:00.000000000,2013-10-24T09:00:00.000000000,"[""2013-10-21T10:00:00.000000000"", ""2013-10-21T11:00:00.000000000"", ""2013-10-21T12:00:00.000000000"", ""2013-10-21T13:00:00.000000000"", ""2013-10-21T14:00:00.000000000"", ""2013-10-21T15:00:00.000000000"", ""2013-10-21T16:00:00.000000000"", ""2013-10-21T17:00:00.000000000"", ""2013-10-21T18:00:00.000000000"", ""2013-10-21T19:00:00.000000000"", ""2013-10-21T20:00:00.000000000"", ""2013-10-21T21:00:00.000000000"", ""2013-10-21T22:00:00.000000000"", ""2013-10-21T23:00:00.000000000"", ""2013-10-22T00:00:00.000000000"", ""2013-10-22T01:00:00.000000000"", ""2013-10-22T02:00:00.000000000"", ""2013-10-22T03:00:00.000000000"", ""2013-10-22T04:00:00.000000000"", ""2013-10-22T05:00:00.000000000"", ""2013-10-22T06:00:00.000000000"", ""2013-10-22T07:00:00.000000000"", ""2013-10-22T08:00:00.000000000"", ""2013-10-22T09:00:00.000000000"", ""2013-10-22T10:00:00.000000000"", ""2013-10-22T11:00:00.000000000"", ""2013-10-22T12:00:00.000000000"", ""2013-10-22T13:00:00.000000000"", ""2013-10-22T14:00:00.000000000"", ""2013-10-22T15:00:00.000000000"", ""2013-10-22T16:00:00.000000000"", ""2013-10-22T17:00:00.000000000"", ""2013-10-22T18:00:00.000000000"", ""2013-10-22T19:00:00.000000000"", ""2013-10-22T20:00:00.000000000"", ""2013-10-22T21:00:00.000000000"", ""2013-10-22T22:00:00.000000000"", ""2013-10-22T23:00:00.000000000"", ""2013-10-23T00:00:00.000000000"", ""2013-10-23T01:00:00.000000000"", ""2013-10-23T02:00:00.000000000"", ""2013-10-23T03:00:00.000000000"", ""2013-10-23T04:00:00.000000000"", ""2013-10-23T05:00:00.000000000"", ""2013-10-23T06:00:00.000000000"", ""2013-10-23T07:00:00.000000000"", ""2013-10-23T08:00:00.000000000"", ""2013-10-23T09:00:00.000000000"", ""2013-10-23T10:00:00.000000000"", ""2013-10-23T11:00:00.000000000"", ""2013-10-23T12:00:00.000000000"", ""2013-10-23T13:00:00.000000000"", ""2013-10-23T14:00:00.000000000"", ""2013-10-23T15:00:00.000000000"", ""2013-10-23T16:00:00.000000000"", ""2013-10-23T17:00:00.000000000"", ""2013-10-23T18:00:00.000000000"", ""2013-10-23T19:00:00.000000000"", ""2013-10-23T20:00:00.000000000"", ""2013-10-23T21:00:00.000000000"", ""2013-10-23T22:00:00.000000000"", ""2013-10-23T23:00:00.000000000"", ""2013-10-24T00:00:00.000000000"", ""2013-10-24T01:00:00.000000000"", ""2013-10-24T02:00:00.000000000"", ""2013-10-24T03:00:00.000000000"", ""2013-10-24T04:00:00.000000000"", ""2013-10-24T05:00:00.000000000"", ""2013-10-24T06:00:00.000000000"", ""2013-10-24T07:00:00.000000000"", ""2013-10-24T08:00:00.000000000"", ""2013-10-24T09:00:00.000000000""]",w28,2013-10-21T20:00:00.000000000
w18,13306,2013-10-07T11:00:00.000000000,2013-10-21T10:00:00.000000000,2013-10-20T11:00:00.000000000,2013-10-21T10:00:00.000000000,2013-10-21T11:00:00.000000000,2013-10-24T10:00:00.000000000,"[""2013-10-21T11:00:00.000000000"", ""2013-10-21T12:00:00.000000000"", ""2013-10-21T13:00:00.000000000"", ""2013-10-21T14:00:00.000000000"", ""2013-10-21T15:00:00.000000000"", ""2013-10-21T16:00:00.000000000"", ""2013-10-21T17:00:00.000000000"", ""2013-10-21T18:00:00.000000000"", ""2013-10-21T19:00:00.000000000"", ""2013-10-21T20:00:00.000000000"", ""2013-10-21T21:00:00.000000000"", ""2013-10-21T22:00:00.000000000"", ""2013-10-21T23:00:00.000000000"", ""2013-10-22T00:00:00.000000000"", ""2013-10-22T01:00:00.000000000"", ""2013-10-22T02:00:00.000000000"", ""2013-10-22T03:00:00.000000000"", ""2013-10-22T04:00:00.000000000"", ""2013-10-22T05:00:00.000000000"", ""2013-10-22T06:00:00.000000000"", ""2013-10-22T07:00:00.000000000"", ""2013-10-22T08:00:00.000000000"", ""2013-10-22T09:00:00.000000000"", ""2013-10-22T10:00:00.000000000"", ""2013-10-22T11:00:00.000000000"", ""2013-10-22T12:00:00.000000000"", ""2013-10-22T13:00:00.000000000"", ""2013-10-22T14:00:00.000000000"", ""2013-10-22T15:00:00.000000000"", ""2013-10-22T16:00:00.000000000"", ""2013-10-22T17:00:00.000000000"", ""2013-10-22T18:00:00.000000000"", ""2013-10-22T19:00:00.000000000"", ""2013-10-22T20:00:00.000000000"", ""2013-10-22T21:00:00.000000000"", ""2013-10-22T22:00:00.000000000"", ""2013-10-22T23:00:00.000000000"", ""2013-10-23T00:00:00.000000000"", ""2013-10-23T01:00:00.000000000"", ""2013-10-23T02:00:00.000000000"", ""2013-10-23T03:00:00.000000000"", ""2013-10-23T04:00:00.000000000"", ""2013-10-23T05:00:00.000000000"", ""2013-10-23T06:00:00.000000000"", ""2013-10-23T07:00:00.000000000"", ""2013-10-23T08:00:00.000000000"", ""2013-10-23T09:00:00.000000000"", ""2013-10-23T10:00:00.000000000"", ""2013-10-23T11:00:00.000000000"", ""2013-10-23T12:00:00.000000000"", ""2013-10-23T13:00:00.000000000"", ""2013-10-23T14:00:00.000000000"", ""2013-10-23T15:00:00.000000000"", ""2013-10-23T16:00:00.000000000"", ""2013-10-23T17:00:00.000000000"", ""2013-10-23T18:00:00.000000000"", ""2013-10-23T19:00:00.000000000"", ""2013-10-23T20:00:00.000000000"", ""2013-10-23T21:00:00.000000000"", ""2013-10-23T22:00:00.000000000"", ""2013-10-23T23:00:00.000000000"", ""2013-10-24T00:00:00.000000000"", ""2013-10-24T01:00:00.000000000"", ""2013-10-24T02:00:00.000000000"", ""2013-10-24T03:00:00.000000000"", ""2013-10-24T04:00:00.000000000"", ""2013-10-24T05:00:00.000000000"", ""2013-10-24T06:00:00.000000000"", ""2013-10-24T07:00:00.000000000"", ""2013-10-24T08:00:00.000000000"", ""2013-10-24T09:00:00.000000000"", ""2013-10-24T10:00:00.000000000""]",w20,2013-10-21T12:00:00.000000000
w19,13307,2013-10-07T12:00:00.000000000,2013-10-21T11:00:00.000000000,2013-10-20T12:00:00.000000000,2013-10-21T11:00:00.000000000,2013-10-21T12:00:00.000000000,2013-10-24T11:00:00.000000000,"[""2013-10-21T12:00:00.000000000"", ""2013-10-21T13:00:00.000000000"", ""2013-10-21T14:00:00.000000000"", ""2013-10-21T15:00:00.000000000"", ""2013-10-21T16:00:00.000000000"", ""2013-10-21T17:00:00.000000000"", ""2013-10-21T18:00:00.000000000"", ""2013-10-21T19:00:00.000000000"", ""2013-10-21T20:00:00.000000000"", ""2013-10-21T21:00:00.000000000"", ""2013-10-21T22:00:00.000000000"", ""2013-10-21T23:00:00.000000000"", ""2013-10-22T00:00:00.000000000"", ""2013-10-22T01:00:00.000000000"", ""2013-10-22T02:00:00.000000000"", ""2013-10-22T03:00:00.000000000"", ""2013-10-22T04:00:00.000000000"", ""2013-10-22T05:00:00.000000000"", ""2013-10-22T06:00:00.000000000"", ""2013-10-22T07:00:00.000000000"", ""2013-10-22T08:00:00.000000000"", ""2013-10-22T09:00:00.000000000"", ""2013-10-22T10:00:00.000000000"", ""2013-10-22T11:00:00.000000000"", ""2013-10-22T12:00:00.000000000"", ""2013-10-22T13:00:00.000000000"", ""2013-10-22T14:00:00.000000000"", ""2013-10-22T15:00:00.000000000"", ""2013-10-22T16:00:00.000000000"", ""2013-10-22T17:00:00.000000000"", ""2013-10-22T18:00:00.000000000"", ""2013-10-22T19:00:00.000000000"", ""2013-10-22T20:00:00.000000000"", ""2013-10-22T21:00:00.000000000"", ""2013-10-22T22:00:00.000000000"", ""2013-10-22T23:00:00.000000000"", ""2013-10-23T00:00:00.000000000"", ""2013-10-23T01:00:00.000000000"", ""2013-10-23T02:00:00.000000000"", ""2013-10-23T03:00:00.000000000"", ""2013-10-23T04:00:00.000000000"", ""2013-10-23T05:00:00.000000000"", ""2013-10-23T06:00:00.000000000"", ""2013-10-23T07:00:00.000000000"", ""2013-10-23T08:00:00.000000000"", ""2013-10-23T09:00:00.000000000"", ""2013-10-23T10:00:00.000000000"", ""2013-10-23T11:00:00.000000000"", ""2013-10-23T12:00:00.000000000"", ""2013-10-23T13:00:00.000000000"", ""2013-10-23T14:00:00.000000000"", ""2013-10-23T15:00:00.000000000"", ""2013-10-23T16:00:00.000000000"", ""2013-10-23T17:00:00.000000000"", ""2013-10-23T18:00:00.000000000"", ""2013-10-23T19:00:00.000000000"", ""2013-10-23T20:00:00.000000000"", ""2013-10-23T21:00:00.000000000"", ""2013-10-23T22:00:00.000000000"", ""2013-10-23T23:00:00.000000000"", ""2013-10-24T00:00:00.000000000"", ""2013-10-24T01:00:00.000000000"", ""2013-10-24T02:00:00.000000000"", ""2013-10-24T03:00:00.000000000"", ""2013-10-24T04:00:00.000000000"", ""2013-10-24T05:00:00.000000000"", ""2013-10-24T06:00:00.000000000"", ""2013-10-24T07:00:00.000000000"", ""2013-10-24T08:00:00.000000000"", ""2013-10-24T09:00:00.000000000"", ""2013-10-24T10:00:00.000000000"", ""2013-10-24T11:00:00.000000000""]",w13,2013-10-21T05:00:00.000000000
w20,13308,2013-10-07T13:00:00.000000000,2013-10-21T12:00:00.000000000,2013-10-20T13:00:00.000000000,2013-10-21T12:00:00.000000000,2013-10-21T13:00:00.000000000,2013-10-24T12:00:00.000000000,"[""2013-10-21T13:00:00.000000000"", ""2013-10-21T14:00:00.000000000"", ""2013-10-21T15:00:00.000000000"", ""2013-10-21T16:00:00.000000000"", ""2013-10-21T17:00:00.000000000"", ""2013-10-21T18:00:00.000000000"", ""2013-10-21T19:00:00.000000000"", ""2013-10-21T20:00:00.000000000"", ""2013-10-21T21:00:00.000000000"", ""2013-10-21T22:00:00.000000000"", ""2013-10-21T23:00:00.000000000"", ""2013-10-22T00:00:00.000000000"", ""2013-10-22T01:00:00.000000000"", ""2013-10-22T02:00:00.000000000"", ""2013-10-22T03:00:00.000000000"", ""2013-10-22T04:00:00.000000000"", ""2013-10-22T05:00:00.000000000"", ""2013-10-22T06:00:00.000000000"", ""2013-10-22T07:00:00.000000000"", ""2013-10-22T08:00:00.000000000"", ""2013-10-22T09:00:00.000000000"", ""2013-10-22T10:00:00.000000000"", ""2013-10-22T11:00:00.000000000"", ""2013-10-22T12:00:00.000000000"", ""2013-10-22T13:00:00.000000000"", ""2013-10-22T14:00:00.000000000"", ""2013-10-22T15:00:00.000000000"", ""2013-10-22T16:00:00.000000000"", ""2013-10-22T17:00:00.000000000"", ""2013-10-22T18:00:00.000000000"", ""2013-10-22T19:00:00.000000000"", ""2013-10-22T20:00:00.000000000"", ""2013-10-22T21:00:00.000000000"", ""2013-10-22T22:00:00.000000000"", ""2013-10-22T23:00:00.000000000"", ""2013-10-23T00:00:00.000000000"", ""2013-10-23T01:00:00.000000000"", ""2013-10-23T02:00:00.000000000"", ""2013-10-23T03:00:00.000000000"", ""2013-10-23T04:00:00.000000000"", ""2013-10-23T05:00:00.000000000"", ""2013-10-23T06:00:00.000000000"", ""2013-10-23T07:00:00.000000000"", ""2013-10-23T08:00:00.000000000"", ""2013-10-23T09:00:00.000000000"", ""2013-10-23T10:00:00.000000000"", ""2013-10-23T11:00:00.000000000"", ""2013-10-23T12:00:00.000000000"", ""2013-10-23T13:00:00.000000000"", ""2013-10-23T14:00:00.000000000"", ""2013-10-23T15:00:00.000000000"", ""2013-10-23T16:00:00.000000000"", ""2013-10-23T17:00:00.000000000"", ""2013-10-23T18:00:00.000000000"", ""2013-10-23T19:00:00.000000000"", ""2013-10-23T20:00:00.000000000"", ""2013-10-23T21:00:00.000000000"", ""2013-10-23T22:00:00.000000000"", ""2013-10-23T23:00:00.000000000"", ""2013-10-24T00:00:00.000000000"", ""2013-10-24T01:00:00.000000000"", ""2013-10-24T02:00:00.000000000"", ""2013-10-24T03:00:00.000000000"", ""2013-10-24T04:00:00.000000000"", ""2013-10-24T05:00:00.000000000"", ""2013-10-24T06:00:00.000000000"", ""2013-10-24T07:00:00.000000000"", ""2013-10-24T08:00:00.000000000"", ""2013-10-24T09:00:00.000000000"", ""2013-10-24T10:00:00.000000000"", ""2013-10-24T11:00:00.000000000"", ""2013-10-24T12:00:00.000000000""]",w19,2013-10-21T11:00:00.000000000
w21,13309,2013-10-07T14:00:00.000000000,2013-10-21T13:00:00.000000000,2013-10-20T14:00:00.000000000,2013-10-21T13:00:00.000000000,2013-10-21T14:00:00.000000000,2013-10-24T13:00:00.000000000,"[""2013-10-21T14:00:00.000000000"", ""2013-10-21T15:00:00.000000000"", ""2013-10-21T16:00:00.000000000"", ""2013-10-21T17:00:00.000000000"", ""2013-10-21T18:00:00.000000000"", ""2013-10-21T19:00:00.000000000"", ""2013-10-21T20:00:00.000000000"", ""2013-10-21T21:00:00.000000000"", ""2013-10-21T22:00:00.000000000"", ""2013-10-21T23:00:00.000000000"", ""2013-10-22T00:00:00.000000000"", ""2013-10-22T01:00:00.000000000"", ""2013-10-22T02:00:00.000000000"", ""2013-10-22T03:00:00.000000000"", ""2013-10-22T04:00:00.000000000"", ""2013-10-22T05:00:00.000000000"", ""2013-10-22T06:00:00.000000000"", ""2013-10-22T07:00:00.000000000"", ""2013-10-22T08:00:00.000000000"", ""2013-10-22T09:00:00.000000000"", ""2013-10-22T10:00:00.000000000"", ""2013-10-22T11:00:00.000000000"", ""2013-10-22T12:00:00.000000000"", ""2013-10-22T13:00:00.000000000"", ""2013-10-22T14:00:00.000000000"", ""2013-10-22T15:00:00.000000000"", ""2013-10-22T16:00:00.000000000"", ""2013-10-22T17:00:00.000000000"", ""2013-10-22T18:00:00.000000000"", ""2013-10-22T19:00:00.000000000"", ""2013-10-22T20:00:00.000000000"", ""2013-10-22T21:00:00.000000000"", ""2013-10-22T22:00:00.000000000"", ""2013-10-22T23:00:00.000000000"", ""2013-10-23T00:00:00.000000000"", ""2013-10-23T01:00:00.000000000"", ""2013-10-23T02:00:00.000000000"", ""2013-10-23T03:00:00.000000000"", ""2013-10-23T04:00:00.000000000"", ""2013-10-23T05:00:00.000000000"", ""2013-10-23T06:00:00.000000000"", ""2013-10-23T07:00:00.000000000"", ""2013-10-23T08:00:00.000000000"", ""2013-10-23T09:00:00.000000000"", ""2013-10-23T10:00:00.000000000"", ""2013-10-23T11:00:00.000000000"", ""2013-10-23T12:00:00.000000000"", ""2013-10-23T13:00:00.000000000"", ""2013-10-23T14:00:00.000000000"", ""2013-10-23T15:00:00.000000000"", ""2013-10-23T16:00:00.000000000"", ""2013-10-23T17:00:00.000000000"", ""2013-10-23T18:00:00.000000000"", ""2013-10-23T19:00:00.000000000"", ""2013-10-23T20:00:00.000000000"", ""2013-10-23T21:00:00.000000000"", ""2013-10-23T22:00:00.000000000"", ""2013-10-23T23:00:00.000000000"", ""2013-10-24T00:00:00.000000000"", ""2013-10-24T01:00:00.000000000"", ""2013-10-24T02:00:00.000000000"", ""2013-10-24T03:00:00.000000000"", ""2013-10-24T04:00:00.000000000"", ""2013-10-24T05:00:00.000000000"", ""2013-10-24T06:00:00.000000000"", ""2013-10-24T07:00:00.000000000"", ""2013-10-24T08:00:00.000000000"", ""2013-10-24T09:00:00.000000000"", ""2013-10-24T10:00:00.000000000"", ""2013-10-24T11:00:00.000000000"", ""2013-10-24T12:00:00.000000000"", ""2013-10-24T13:00:00.000000000""]",w27,2013-10-21T19:00:00.000000000
w22,13310,2013-10-07T15:00:00.000000000,2013-10-21T14:00:00.000000000,2013-10-20T15:00:00.000000000,2013-10-21T14:00:00.000000000,2013-10-21T15:00:00.000000000,2013-10-24T14:00:00.000000000,"[""2013-10-21T15:00:00.000000000"", ""2013-10-21T16:00:00.000000000"", ""2013-10-21T17:00:00.000000000"", ""2013-10-21T18:00:00.000000000"", ""2013-10-21T19:00:00.000000000"", ""2013-10-21T20:00:00.000000000"", ""2013-10-21T21:00:00.000000000"", ""2013-10-21T22:00:00.000000000"", ""2013-10-21T23:00:00.000000000"", ""2013-10-22T00:00:00.000000000"", ""2013-10-22T01:00:00.000000000"", ""2013-10-22T02:00:00.000000000"", ""2013-10-22T03:00:00.000000000"", ""2013-10-22T04:00:00.000000000"", ""2013-10-22T05:00:00.000000000"", ""2013-10-22T06:00:00.000000000"", ""2013-10-22T07:00:00.000000000"", ""2013-10-22T08:00:00.000000000"", ""2013-10-22T09:00:00.000000000"", ""2013-10-22T10:00:00.000000000"", ""2013-10-22T11:00:00.000000000"", ""2013-10-22T12:00:00.000000000"", ""2013-10-22T13:00:00.000000000"", ""2013-10-22T14:00:00.000000000"", ""2013-10-22T15:00:00.000000000"", ""2013-10-22T16:00:00.000000000"", ""2013-10-22T17:00:00.000000000"", ""2013-10-22T18:00:00.000000000"", ""2013-10-22T19:00:00.000000000"", ""2013-10-22T20:00:00.000000000"", ""2013-10-22T21:00:00.000000000"", ""2013-10-22T22:00:00.000000000"", ""2013-10-22T23:00:00.000000000"", ""2013-10-23T00:00:00.000000000"", ""2013-10-23T01:00:00.000000000"", ""2013-10-23T02:00:00.000000000"", ""2013-10-23T03:00:00.000000000"", ""2013-10-23T04:00:00.000000000"", ""2013-10-23T05:00:00.000000000"", ""2013-10-23T06:00:00.000000000"", ""2013-10-23T07:00:00.000000000"", ""2013-10-23T08:00:00.000000000"", ""2013-10-23T09:00:00.000000000"", ""2013-10-23T10:00:00.000000000"", ""2013-10-23T11:00:00.000000000"", ""2013-10-23T12:00:00.000000000"", ""2013-10-23T13:00:00.000000000"", ""2013-10-23T14:00:00.000000000"", ""2013-10-23T15:00:00.000000000"", ""2013-10-23T16:00:00.000000000"", ""2013-10-23T17:00:00.000000000"", ""2013-10-23T18:00:00.000000000"", ""2013-10-23T19:00:00.000000000"", ""2013-10-23T20:00:00.000000000"", ""2013-10-23T21:00:00.000000000"", ""2013-10-23T22:00:00.000000000"", ""2013-10-23T23:00:00.000000000"", ""2013-10-24T00:00:00.000000000"", ""2013-10-24T01:00:00.000000000"", ""2013-10-24T02:00:00.000000000"", ""2013-10-24T03:00:00.000000000"", ""2013-10-24T04:00:00.000000000"", ""2013-10-24T05:00:00.000000000"", ""2013-10-24T06:00:00.000000000"", ""2013-10-24T07:00:00.000000000"", ""2013-10-24T08:00:00.000000000"", ""2013-10-24T09:00:00.000000000"", ""2013-10-24T10:00:00.000000000"", ""2013-10-24T11:00:00.000000000"", ""2013-10-24T12:00:00.000000000"", ""2013-10-24T13:00:00.000000000"", ""2013-10-24T14:00:00.000000000""]",w25,2013-10-21T17:00:00.000000000
w23,13311,2013-10-07T16:00:00.000000000,2013-10-21T15:00:00.000000000,2013-10-20T16:00:00.000000000,2013-10-21T15:00:00.000000000,2013-10-21T16:00:00.000000000,2013-10-24T15:00:00.000000000,"[""2013-10-21T16:00:00.000000000"", ""2013-10-21T17:00:00.000000000"", ""2013-10-21T18:00:00.000000000"", ""2013-10-21T19:00:00.000000000"", ""2013-10-21T20:00:00.000000000"", ""2013-10-21T21:00:00.000000000"", ""2013-10-21T22:00:00.000000000"", ""2013-10-21T23:00:00.000000000"", ""2013-10-22T00:00:00.000000000"", ""2013-10-22T01:00:00.000000000"", ""2013-10-22T02:00:00.000000000"", ""2013-10-22T03:00:00.000000000"", ""2013-10-22T04:00:00.000000000"", ""2013-10-22T05:00:00.000000000"", ""2013-10-22T06:00:00.000000000"", ""2013-10-22T07:00:00.000000000"", ""2013-10-22T08:00:00.000000000"", ""2013-10-22T09:00:00.000000000"", ""2013-10-22T10:00:00.000000000"", ""2013-10-22T11:00:00.000000000"", ""2013-10-22T12:00:00.000000000"", ""2013-10-22T13:00:00.000000000"", ""2013-10-22T14:00:00.000000000"", ""2013-10-22T15:00:00.000000000"", ""2013-10-22T16:00:00.000000000"", ""2013-10-22T17:00:00.000000000"", ""2013-10-22T18:00:00.000000000"", ""2013-10-22T19:00:00.000000000"", ""2013-10-22T20:00:00.000000000"", ""2013-10-22T21:00:00.000000000"", ""2013-10-22T22:00:00.000000000"", ""2013-10-22T23:00:00.000000000"", ""2013-10-23T00:00:00.000000000"", ""2013-10-23T01:00:00.000000000"", ""2013-10-23T02:00:00.000000000"", ""2013-10-23T03:00:00.000000000"", ""2013-10-23T04:00:00.000000000"", ""2013-10-23T05:00:00.000000000"", ""2013-10-23T06:00:00.000000000"", ""2013-10-23T07:00:00.000000000"", ""2013-10-23T08:00:00.000000000"", ""2013-10-23T09:00:00.000000000"", ""2013-10-23T10:00:00.000000000"", ""2013-10-23T11:00:00.000000000"", ""2013-10-23T12:00:00.000000000"", ""2013-10-23T13:00:00.000000000"", ""2013-10-23T14:00:00.000000000"", ""2013-10-23T15:00:00.000000000"", ""2013-10-23T16:00:00.000000000"", ""2013-10-23T17:00:00.000000000"", ""2013-10-23T18:00:00.000000000"", ""2013-10-23T19:00:00.000000000"", ""2013-10-23T20:00:00.000000000"", ""2013-10-23T21:00:00.000000000"", ""2013-10-23T22:00:00.000000000"", ""2013-10-23T23:00:00.000000000"", ""2013-10-24T00:00:00.000000000"", ""2013-10-24T01:00:00.000000000"", ""2013-10-24T02:00:00.000000000"", ""2013-10-24T03:00:00.000000000"", ""2013-10-24T04:00:00.000000000"", ""2013-10-24T05:00:00.000000000"", ""2013-10-24T06:00:00.000000000"", ""2013-10-24T07:00:00.000000000"", ""2013-10-24T08:00:00.000000000"", ""2013-10-24T09:00:00.000000000"", ""2013-10-24T10:00:00.000000000"", ""2013-10-24T11:00:00.000000000"", ""2013-10-24T12:00:00.000000000"", ""2013-10-24T13:00:00.000000000"", ""2013-10-24T14:00:00.000000000"", ""2013-10-24T15:00:00.000000000""]",w4,2013-10-20T20:00:00.000000000
w24,13312,2013-10-07T17:00:00.000000000,2013-10-21T16:00:00.000000000,2013-10-20T17:00:00.000000000,2013-10-21T16:00:00.000000000,2013-10-21T17:00:00.000000000,2013-10-24T16:00:00.000000000,"[""2013-10-21T17:00:00.000000000"", ""2013-10-21T18:00:00.000000000"", ""2013-10-21T19:00:00.000000000"", ""2013-10-21T20:00:00.000000000"", ""2013-10-21T21:00:00.000000000"", ""2013-10-21T22:00:00.000000000"", ""2013-10-21T23:00:00.000000000"", ""2013-10-22T00:00:00.000000000"", ""2013-10-22T01:00:00.000000000"", ""2013-10-22T02:00:00.000000000"", ""2013-10-22T03:00:00.000000000"", ""2013-10-22T04:00:00.000000000"", ""2013-10-22T05:00:00.000000000"", ""2013-10-22T06:00:00.000000000"", ""2013-10-22T07:00:00.000000000"", ""2013-10-22T08:00:00.000000000"", ""2013-10-22T09:00:00.000000000"", ""2013-10-22T10:00:00.000000000"", ""2013-10-22T11:00:00.000000000"", ""2013-10-22T12:00:00.000000000"", ""2013-10-22T13:00:00.000000000"", ""2013-10-22T14:00:00.000000000"", ""2013-10-22T15:00:00.000000000"", ""2013-10-22T16:00:00.000000000"", ""2013-10-22T17:00:00.000000000"", ""2013-10-22T18:00:00.000000000"", ""2013-10-22T19:00:00.000000000"", ""2013-10-22T20:00:00.000000000"", ""2013-10-22T21:00:00.000000000"", ""2013-10-22T22:00:00.000000000"", ""2013-10-22T23:00:00.000000000"", ""2013-10-23T00:00:00.000000000"", ""2013-10-23T01:00:00.000000000"", ""2013-10-23T02:00:00.000000000"", ""2013-10-23T03:00:00.000000000"", ""2013-10-23T04:00:00.000000000"", ""2013-10-23T05:00:00.000000000"", ""2013-10-23T06:00:00.000000000"", ""2013-10-23T07:00:00.000000000"", ""2013-10-23T08:00:00.000000000"", ""2013-10-23T09:00:00.000000000"", ""2013-10-23T10:00:00.000000000"", ""2013-10-23T11:00:00.000000000"", ""2013-10-23T12:00:00.000000000"", ""2013-10-23T13:00:00.000000000"", ""2013-10-23T14:00:00.000000000"", ""2013-10-23T15:00:00.000000000"", ""2013-10-23T16:00:00.000000000"", ""2013-10-23T17:00:00.000000000"", ""2013-10-23T18:00:00.000000000"", ""2013-10-23T19:00:00.000000000"", ""2013-10-23T20:00:00.000000000"", ""2013-10-23T21:00:00.000000000"", ""2013-10-23T22:00:00.000000000"", ""2013-10-23T23:00:00.000000000"", ""2013-10-24T00:00:00.000000000"", ""2013-10-24T01:00:00.000000000"", ""2013-10-24T02:00:00.000000000"", ""2013-10-24T03:00:00.000000000"", ""2013-10-24T04:00:00.000000000"", ""2013-10-24T05:00:00.000000000"", ""2013-10-24T06:00:00.000000000"", ""2013-10-24T07:00:00.000000000"", ""2013-10-24T08:00:00.000000000"", ""2013-10-24T09:00:00.000000000"", ""2013-10-24T10:00:00.000000000"", ""2013-10-24T11:00:00.000000000"", ""2013-10-24T12:00:00.000000000"", ""2013-10-24T13:00:00.000000000"", ""2013-10-24T14:00:00.000000000"", ""2013-10-24T15:00:00.000000000"", ""2013-10-24T16:00:00.000000000""]",w16,2013-10-21T08:00:00.000000000
w25,13313,2013-10-07T18:00:00.000000000,2013-10-21T17:00:00.000000000,2013-10-20T18:00:00.000000000,2013-10-21T17:00:00.000000000,2013-10-21T18:00:00.000000000,2013-10-24T17:00:00.000000000,"[""2013-10-21T18:00:00.000000000"", ""2013-10-21T19:00:00.000000000"", ""2013-10-21T20:00:00.000000000"", ""2013-10-21T21:00:00.000000000"", ""2013-10-21T22:00:00.000000000"", ""2013-10-21T23:00:00.000000000"", ""2013-10-22T00:00:00.000000000"", ""2013-10-22T01:00:00.000000000"", ""2013-10-22T02:00:00.000000000"", ""2013-10-22T03:00:00.000000000"", ""2013-10-22T04:00:00.000000000"", ""2013-10-22T05:00:00.000000000"", ""2013-10-22T06:00:00.000000000"", ""2013-10-22T07:00:00.000000000"", ""2013-10-22T08:00:00.000000000"", ""2013-10-22T09:00:00.000000000"", ""2013-10-22T10:00:00.000000000"", ""2013-10-22T11:00:00.000000000"", ""2013-10-22T12:00:00.000000000"", ""2013-10-22T13:00:00.000000000"", ""2013-10-22T14:00:00.000000000"", ""2013-10-22T15:00:00.000000000"", ""2013-10-22T16:00:00.000000000"", ""2013-10-22T17:00:00.000000000"", ""2013-10-22T18:00:00.000000000"", ""2013-10-22T19:00:00.000000000"", ""2013-10-22T20:00:00.000000000"", ""2013-10-22T21:00:00.000000000"", ""2013-10-22T22:00:00.000000000"", ""2013-10-22T23:00:00.000000000"", ""2013-10-23T00:00:00.000000000"", ""2013-10-23T01:00:00.000000000"", ""2013-10-23T02:00:00.000000000"", ""2013-10-23T03:00:00.000000000"", ""2013-10-23T04:00:00.000000000"", ""2013-10-23T05:00:00.000000000"", ""2013-10-23T06:00:00.000000000"", ""2013-10-23T07:00:00.000000000"", ""2013-10-23T08:00:00.000000000"", ""2013-10-23T09:00:00.000000000"", ""2013-10-23T10:00:00.000000000"", ""2013-10-23T11:00:00.000000000"", ""2013-10-23T12:00:00.000000000"", ""2013-10-23T13:00:00.000000000"", ""2013-10-23T14:00:00.000000000"", ""2013-10-23T15:00:00.000000000"", ""2013-10-23T16:00:00.000000000"", ""2013-10-23T17:00:00.000000000"", ""2013-10-23T18:00:00.000000000"", ""2013-10-23T19:00:00.000000000"", ""2013-10-23T20:00:00.000000000"", ""2013-10-23T21:00:00.000000000"", ""2013-10-23T22:00:00.000000000"", ""2013-10-23T23:00:00.000000000"", ""2013-10-24T00:00:00.000000000"", ""2013-10-24T01:00:00.000000000"", ""2013-10-24T02:00:00.000000000"", ""2013-10-24T03:00:00.000000000"", ""2013-10-24T04:00:00.000000000"", ""2013-10-24T05:00:00.000000000"", ""2013-10-24T06:00:00.000000000"", ""2013-10-24T07:00:00.000000000"", ""2013-10-24T08:00:00.000000000"", ""2013-10-24T09:00:00.000000000"", ""2013-10-24T10:00:00.000000000"", ""2013-10-24T11:00:00.000000000"", ""2013-10-24T12:00:00.000000000"", ""2013-10-24T13:00:00.000000000"", ""2013-10-24T14:00:00.000000000"", ""2013-10-24T15:00:00.000000000"", ""2013-10-24T16:00:00.000000000"", ""2013-10-24T17:00:00.000000000""]",w31,2013-10-21T23:00:00.000000000
w26,13314,2013-10-07T19:00:00.000000000,2013-10-21T18:00:00.000000000,2013-10-20T19:00:00.000000000,2013-10-21T18:00:00.000000000,2013-10-21T19:00:00.000000000,2013-10-24T18:00:00.000000000,"[""2013-10-21T19:00:00.000000000"", ""2013-10-21T20:00:00.000000000"", ""2013-10-21T21:00:00.000000000"", ""2013-10-21T22:00:00.000000000"", ""2013-10-21T23:00:00.000000000"", ""2013-10-22T00:00:00.000000000"", ""2013-10-22T01:00:00.000000000"", ""2013-10-22T02:00:00.000000000"", ""2013-10-22T03:00:00.000000000"", ""2013-10-22T04:00:00.000000000"", ""2013-10-22T05:00:00.000000000"", ""2013-10-22T06:00:00.000000000"", ""2013-10-22T07:00:00.000000000"", ""2013-10-22T08:00:00.000000000"", ""2013-10-22T09:00:00.000000000"", ""2013-10-22T10:00:00.000000000"", ""2013-10-22T11:00:00.000000000"", ""2013-10-22T12:00:00.000000000"", ""2013-10-22T13:00:00.000000000"", ""2013-10-22T14:00:00.000000000"", ""2013-10-22T15:00:00.000000000"", ""2013-10-22T16:00:00.000000000"", ""2013-10-22T17:00:00.000000000"", ""2013-10-22T18:00:00.000000000"", ""2013-10-22T19:00:00.000000000"", ""2013-10-22T20:00:00.000000000"", ""2013-10-22T21:00:00.000000000"", ""2013-10-22T22:00:00.000000000"", ""2013-10-22T23:00:00.000000000"", ""2013-10-23T00:00:00.000000000"", ""2013-10-23T01:00:00.000000000"", ""2013-10-23T02:00:00.000000000"", ""2013-10-23T03:00:00.000000000"", ""2013-10-23T04:00:00.000000000"", ""2013-10-23T05:00:00.000000000"", ""2013-10-23T06:00:00.000000000"", ""2013-10-23T07:00:00.000000000"", ""2013-10-23T08:00:00.000000000"", ""2013-10-23T09:00:00.000000000"", ""2013-10-23T10:00:00.000000000"", ""2013-10-23T11:00:00.000000000"", ""2013-10-23T12:00:00.000000000"", ""2013-10-23T13:00:00.000000000"", ""2013-10-23T14:00:00.000000000"", ""2013-10-23T15:00:00.000000000"", ""2013-10-23T16:00:00.000000000"", ""2013-10-23T17:00:00.000000000"", ""2013-10-23T18:00:00.000000000"", ""2013-10-23T19:00:00.000000000"", ""2013-10-23T20:00:00.000000000"", ""2013-10-23T21:00:00.000000000"", ""2013-10-23T22:00:00.000000000"", ""2013-10-23T23:00:00.000000000"", ""2013-10-24T00:00:00.000000000"", ""2013-10-24T01:00:00.000000000"", ""2013-10-24T02:00:00.000000000"", ""2013-10-24T03:00:00.000000000"", ""2013-10-24T04:00:00.000000000"", ""2013-10-24T05:00:00.000000000"", ""2013-10-24T06:00:00.000000000"", ""2013-10-24T07:00:00.000000000"", ""2013-10-24T08:00:00.000000000"", ""2013-10-24T09:00:00.000000000"", ""2013-10-24T10:00:00.000000000"", ""2013-10-24T11:00:00.000000000"", ""2013-10-24T12:00:00.000000000"", ""2013-10-24T13:00:00.000000000"", ""2013-10-24T14:00:00.000000000"", ""2013-10-24T15:00:00.000000000"", ""2013-10-24T16:00:00.000000000"", ""2013-10-24T17:00:00.000000000"", ""2013-10-24T18:00:00.000000000""]",w22,2013-10-21T14:00:00.000000000
w27,13315,2013-10-07T20:00:00.000000000,2013-10-21T19:00:00.000000000,2013-10-20T20:00:00.000000000,2013-10-21T19:00:00.000000000,2013-10-21T20:00:00.000000000,2013-10-24T19:00:00.000000000,"[""2013-10-21T20:00:00.000000000"", ""2013-10-21T21:00:00.000000000"", ""2013-10-21T22:00:00.000000000"", ""2013-10-21T23:00:00.000000000"", ""2013-10-22T00:00:00.000000000"", ""2013-10-22T01:00:00.000000000"", ""2013-10-22T02:00:00.000000000"", ""2013-10-22T03:00:00.000000000"", ""2013-10-22T04:00:00.000000000"", ""2013-10-22T05:00:00.000000000"", ""2013-10-22T06:00:00.000000000"", ""2013-10-22T07:00:00.000000000"", ""2013-10-22T08:00:00.000000000"", ""2013-10-22T09:00:00.000000000"", ""2013-10-22T10:00:00.000000000"", ""2013-10-22T11:00:00.000000000"", ""2013-10-22T12:00:00.000000000"", ""2013-10-22T13:00:00.000000000"", ""2013-10-22T14:00:00.000000000"", ""2013-10-22T15:00:00.000000000"", ""2013-10-22T16:00:00.000000000"", ""2013-10-22T17:00:00.000000000"", ""2013-10-22T18:00:00.000000000"", ""2013-10-22T19:00:00.000000000"", ""2013-10-22T20:00:00.000000000"", ""2013-10-22T21:00:00.000000000"", ""2013-10-22T22:00:00.000000000"", ""2013-10-22T23:00:00.000000000"", ""2013-10-23T00:00:00.000000000"", ""2013-10-23T01:00:00.000000000"", ""2013-10-23T02:00:00.000000000"", ""2013-10-23T03:00:00.000000000"", ""2013-10-23T04:00:00.000000000"", ""2013-10-23T05:00:00.000000000"", ""2013-10-23T06:00:00.000000000"", ""2013-10-23T07:00:00.000000000"", ""2013-10-23T08:00:00.000000000"", ""2013-10-23T09:00:00.000000000"", ""2013-10-23T10:00:00.000000000"", ""2013-10-23T11:00:00.000000000"", ""2013-10-23T12:00:00.000000000"", ""2013-10-23T13:00:00.000000000"", ""2013-10-23T14:00:00.000000000"", ""2013-10-23T15:00:00.000000000"", ""2013-10-23T16:00:00.000000000"", ""2013-10-23T17:00:00.000000000"", ""2013-10-23T18:00:00.000000000"", ""2013-10-23T19:00:00.000000000"", ""2013-10-23T20:00:00.000000000"", ""2013-10-23T21:00:00.000000000"", ""2013-10-23T22:00:00.000000000"", ""2013-10-23T23:00:00.000000000"", ""2013-10-24T00:00:00.000000000"", ""2013-10-24T01:00:00.000000000"", ""2013-10-24T02:00:00.000000000"", ""2013-10-24T03:00:00.000000000"", ""2013-10-24T04:00:00.000000000"", ""2013-10-24T05:00:00.000000000"", ""2013-10-24T06:00:00.000000000"", ""2013-10-24T07:00:00.000000000"", ""2013-10-24T08:00:00.000000000"", ""2013-10-24T09:00:00.000000000"", ""2013-10-24T10:00:00.000000000"", ""2013-10-24T11:00:00.000000000"", ""2013-10-24T12:00:00.000000000"", ""2013-10-24T13:00:00.000000000"", ""2013-10-24T14:00:00.000000000"", ""2013-10-24T15:00:00.000000000"", ""2013-10-24T16:00:00.000000000"", ""2013-10-24T17:00:00.000000000"", ""2013-10-24T18:00:00.000000000"", ""2013-10-24T19:00:00.000000000""]",w11,2013-10-21T03:00:00.000000000
w28,13316,2013-10-07T21:00:00.000000000,2013-10-21T20:00:00.000000000,2013-10-20T21:00:00.000000000,2013-10-21T20:00:00.000000000,2013-10-21T21:00:00.000000000,2013-10-24T20:00:00.000000000,"[""2013-10-21T21:00:00.000000000"", ""2013-10-21T22:00:00.000000000"", ""2013-10-21T23:00:00.000000000"", ""2013-10-22T00:00:00.000000000"", ""2013-10-22T01:00:00.000000000"", ""2013-10-22T02:00:00.000000000"", ""2013-10-22T03:00:00.000000000"", ""2013-10-22T04:00:00.000000000"", ""2013-10-22T05:00:00.000000000"", ""2013-10-22T06:00:00.000000000"", ""2013-10-22T07:00:00.000000000"", ""2013-10-22T08:00:00.000000000"", ""2013-10-22T09:00:00.000000000"", ""2013-10-22T10:00:00.000000000"", ""2013-10-22T11:00:00.000000000"", ""2013-10-22T12:00:00.000000000"", ""2013-10-22T13:00:00.000000000"", ""2013-10-22T14:00:00.000000000"", ""2013-10-22T15:00:00.000000000"", ""2013-10-22T16:00:00.000000000"", ""2013-10-22T17:00:00.000000000"", ""2013-10-22T18:00:00.000000000"", ""2013-10-22T19:00:00.000000000"", ""2013-10-22T20:00:00.000000000"", ""2013-10-22T21:00:00.000000000"", ""2013-10-22T22:00:00.000000000"", ""2013-10-22T23:00:00.000000000"", ""2013-10-23T00:00:00.000000000"", ""2013-10-23T01:00:00.000000000"", ""2013-10-23T02:00:00.000000000"", ""2013-10-23T03:00:00.000000000"", ""2013-10-23T04:00:00.000000000"", ""2013-10-23T05:00:00.000000000"", ""2013-10-23T06:00:00.000000000"", ""2013-10-23T07:00:00.000000000"", ""2013-10-23T08:00:00.000000000"", ""2013-10-23T09:00:00.000000000"", ""2013-10-23T10:00:00.000000000"", ""2013-10-23T11:00:00.000000000"", ""2013-10-23T12:00:00.000000000"", ""2013-10-23T13:00:00.000000000"", ""2013-10-23T14:00:00.000000000"", ""2013-10-23T15:00:00.000000000"", ""2013-10-23T16:00:00.000000000"", ""2013-10-23T17:00:00.000000000"", ""2013-10-23T18:00:00.000000000"", ""2013-10-23T19:00:00.000000000"", ""2013-10-23T20:00:00.000000000"", ""2013-10-23T21:00:00.000000000"", ""2013-10-23T22:00:00.000000000"", ""2013-10-23T23:00:00.000000000"", ""2013-10-24T00:00:00.000000000"", ""2013-10-24T01:00:00.000000000"", ""2013-10-24T02:00:00.000000000"", ""2013-10-24T03:00:00.000000000"", ""2013-10-24T04:00:00.000000000"", ""2013-10-24T05:00:00.000000000"", ""2013-10-24T06:00:00.000000000"", ""2013-10-24T07:00:00.000000000"", ""2013-10-24T08:00:00.000000000"", ""2013-10-24T09:00:00.000000000"", ""2013-10-24T10:00:00.000000000"", ""2013-10-24T11:00:00.000000000"", ""2013-10-24T12:00:00.000000000"", ""2013-10-24T13:00:00.000000000"", ""2013-10-24T14:00:00.000000000"", ""2013-10-24T15:00:00.000000000"", ""2013-10-24T16:00:00.000000000"", ""2013-10-24T17:00:00.000000000"", ""2013-10-24T18:00:00.000000000"", ""2013-10-24T19:00:00.000000000"", ""2013-10-24T20:00:00.000000000""]",w12,2013-10-21T04:00:00.000000000
w29,13317,2013-10-07T22:00:00.000000000,2013-10-21T21:00:00.000000000,2013-10-20T22:00:00.000000000,2013-10-21T21:00:00.000000000,2013-10-21T22:00:00.000000000,2013-10-24T21:00:00.000000000,"[""2013-10-21T22:00:00.000000000"", ""2013-10-21T23:00:00.000000000"", ""2013-10-22T00:00:00.000000000"", ""2013-10-22T01:00:00.000000000"", ""2013-10-22T02:00:00.000000000"", ""2013-10-22T03:00:00.000000000"", ""2013-10-22T04:00:00.000000000"", ""2013-10-22T05:00:00.000000000"", ""2013-10-22T06:00:00.000000000"", ""2013-10-22T07:00:00.000000000"", ""2013-10-22T08:00:00.000000000"", ""2013-10-22T09:00:00.000000000"", ""2013-10-22T10:00:00.000000000"", ""2013-10-22T11:00:00.000000000"", ""2013-10-22T12:00:00.000000000"", ""2013-10-22T13:00:00.000000000"", ""2013-10-22T14:00:00.000000000"", ""2013-10-22T15:00:00.000000000"", ""2013-10-22T16:00:00.000000000"", ""2013-10-22T17:00:00.000000000"", ""2013-10-22T18:00:00.000000000"", ""2013-10-22T19:00:00.000000000"", ""2013-10-22T20:00:00.000000000"", ""2013-10-22T21:00:00.000000000"", ""2013-10-22T22:00:00.000000000"", ""2013-10-22T23:00:00.000000000"", ""2013-10-23T00:00:00.000000000"", ""2013-10-23T01:00:00.000000000"", ""2013-10-23T02:00:00.000000000"", ""2013-10-23T03:00:00.000000000"", ""2013-10-23T04:00:00.000000000"", ""2013-10-23T05:00:00.000000000"", ""2013-10-23T06:00:00.000000000"", ""2013-10-23T07:00:00.000000000"", ""2013-10-23T08:00:00.000000000"", ""2013-10-23T09:00:00.000000000"", ""2013-10-23T10:00:00.000000000"", ""2013-10-23T11:00:00.000000000"", ""2013-10-23T12:00:00.000000000"", ""2013-10-23T13:00:00.000000000"", ""2013-10-23T14:00:00.000000000"", ""2013-10-23T15:00:00.000000000"", ""2013-10-23T16:00:00.000000000"", ""2013-10-23T17:00:00.000000000"", ""2013-10-23T18:00:00.000000000"", ""2013-10-23T19:00:00.000000000"", ""2013-10-23T20:00:00.000000000"", ""2013-10-23T21:00:00.000000000"", ""2013-10-23T22:00:00.000000000"", ""2013-10-23T23:00:00.000000000"", ""2013-10-24T00:00:00.000000000"", ""2013-10-24T01:00:00.000000000"", ""2013-10-24T02:00:00.000000000"", ""2013-10-24T03:00:00.000000000"", ""2013-10-24T04:00:00.000000000"", ""2013-10-24T05:00:00.000000000"", ""2013-10-24T06:00:00.000000000"", ""2013-10-24T07:00:00.000000000"", ""2013-10-24T08:00:00.000000000"", ""2013-10-24T09:00:00.000000000"", ""2013-10-24T10:00:00.000000000"", ""2013-10-24T11:00:00.000000000"", ""2013-10-24T12:00:00.000000000"", ""2013-10-24T13:00:00.000000000"", ""2013-10-24T14:00:00.000000000"", ""2013-10-24T15:00:00.000000000"", ""2013-10-24T16:00:00.000000000"", ""2013-10-24T17:00:00.000000000"", ""2013-10-24T18:00:00.000000000"", ""2013-10-24T19:00:00.000000000"", ""2013-10-24T20:00:00.000000000"", ""2013-10-24T21:00:00.000000000""]",w18,2013-10-21T10:00:00.000000000
w30,13318,2013-10-07T23:00:00.000000000,2013-10-21T22:00:00.000000000,2013-10-20T23:00:00.000000000,2013-10-21T22:00:00.000000000,2013-10-21T23:00:00.000000000,2013-10-24T22:00:00.000000000,"[""2013-10-21T23:00:00.000000000"", ""2013-10-22T00:00:00.000000000"", ""2013-10-22T01:00:00.000000000"", ""2013-10-22T02:00:00.000000000"", ""2013-10-22T03:00:00.000000000"", ""2013-10-22T04:00:00.000000000"", ""2013-10-22T05:00:00.000000000"", ""2013-10-22T06:00:00.000000000"", ""2013-10-22T07:00:00.000000000"", ""2013-10-22T08:00:00.000000000"", ""2013-10-22T09:00:00.000000000"", ""2013-10-22T10:00:00.000000000"", ""2013-10-22T11:00:00.000000000"", ""2013-10-22T12:00:00.000000000"", ""2013-10-22T13:00:00.000000000"", ""2013-10-22T14:00:00.000000000"", ""2013-10-22T15:00:00.000000000"", ""2013-10-22T16:00:00.000000000"", ""2013-10-22T17:00:00.000000000"", ""2013-10-22T18:00:00.000000000"", ""2013-10-22T19:00:00.000000000"", ""2013-10-22T20:00:00.000000000"", ""2013-10-22T21:00:00.000000000"", ""2013-10-22T22:00:00.000000000"", ""2013-10-22T23:00:00.000000000"", ""2013-10-23T00:00:00.000000000"", ""2013-10-23T01:00:00.000000000"", ""2013-10-23T02:00:00.000000000"", ""2013-10-23T03:00:00.000000000"", ""2013-10-23T04:00:00.000000000"", ""2013-10-23T05:00:00.000000000"", ""2013-10-23T06:00:00.000000000"", ""2013-10-23T07:00:00.000000000"", ""2013-10-23T08:00:00.000000000"", ""2013-10-23T09:00:00.000000000"", ""2013-10-23T10:00:00.000000000"", ""2013-10-23T11:00:00.000000000"", ""2013-10-23T12:00:00.000000000"", ""2013-10-23T13:00:00.000000000"", ""2013-10-23T14:00:00.000000000"", ""2013-10-23T15:00:00.000000000"", ""2013-10-23T16:00:00.000000000"", ""2013-10-23T17:00:00.000000000"", ""2013-10-23T18:00:00.000000000"", ""2013-10-23T19:00:00.000000000"", ""2013-10-23T20:00:00.000000000"", ""2013-10-23T21:00:00.000000000"", ""2013-10-23T22:00:00.000000000"", ""2013-10-23T23:00:00.000000000"", ""2013-10-24T00:00:00.000000000"", ""2013-10-24T01:00:00.000000000"", ""2013-10-24T02:00:00.000000000"", ""2013-10-24T03:00:00.000000000"", ""2013-10-24T04:00:00.000000000"", ""2013-10-24T05:00:00.000000000"", ""2013-10-24T06:00:00.000000000"", ""2013-10-24T07:00:00.000000000"", ""2013-10-24T08:00:00.000000000"", ""2013-10-24T09:00:00.000000000"", ""2013-10-24T10:00:00.000000000"", ""2013-10-24T11:00:00.000000000"", ""2013-10-24T12:00:00.000000000"", ""2013-10-24T13:00:00.000000000"", ""2013-10-24T14:00:00.000000000"", ""2013-10-24T15:00:00.000000000"", ""2013-10-24T16:00:00.000000000"", ""2013-10-24T17:00:00.000000000"", ""2013-10-24T18:00:00.000000000"", ""2013-10-24T19:00:00.000000000"", ""2013-10-24T20:00:00.000000000"", ""2013-10-24T21:00:00.000000000"", ""2013-10-24T22:00:00.000000000""]",w23,2013-10-21T15:00:00.000000000
w31,13319,2013-10-08T00:00:00.000000000,2013-10-21T23:00:00.000000000,2013-10-21T00:00:00.000000000,2013-10-21T23:00:00.000000000,2013-10-22T00:00:00.000000000,2013-10-24T23:00:00.000000000,"[""2013-10-22T00:00:00.000000000"", ""2013-10-22T01:00:00.000000000"", ""2013-10-22T02:00:00.000000000"", ""2013-10-22T03:00:00.000000000"", ""2013-10-22T04:00:00.000000000"", ""2013-10-22T05:00:00.000000000"", ""2013-10-22T06:00:00.000000000"", ""2013-10-22T07:00:00.000000000"", ""2013-10-22T08:00:00.000000000"", ""2013-10-22T09:00:00.000000000"", ""2013-10-22T10:00:00.000000000"", ""2013-10-22T11:00:00.000000000"", ""2013-10-22T12:00:00.000000000"", ""2013-10-22T13:00:00.000000000"", ""2013-10-22T14:00:00.000000000"", ""2013-10-22T15:00:00.000000000"", ""2013-10-22T16:00:00.000000000"", ""2013-10-22T17:00:00.000000000"", ""2013-10-22T18:00:00.000000000"", ""2013-10-22T19:00:00.000000000"", ""2013-10-22T20:00:00.000000000"", ""2013-10-22T21:00:00.000000000"", ""2013-10-22T22:00:00.000000000"", ""2013-10-22T23:00:00.000000000"", ""2013-10-23T00:00:00.000000000"", ""2013-10-23T01:00:00.000000000"", ""2013-10-23T02:00:00.000000000"", ""2013-10-23T03:00:00.000000000"", ""2013-10-23T04:00:00.000000000"", ""2013-10-23T05:00:00.000000000"", ""2013-10-23T06:00:00.000000000"", ""2013-10-23T07:00:00.000000000"", ""2013-10-23T08:00:00.000000000"", ""2013-10-23T09:00:00.000000000"", ""2013-10-23T10:00:00.000000000"", ""2013-10-23T11:00:00.000000000"", ""2013-10-23T12:00:00.000000000"", ""2013-10-23T13:00:00.000000000"", ""2013-10-23T14:00:00.000000000"", ""2013-10-23T15:00:00.000000000"", ""2013-10-23T16:00:00.000000000"", ""2013-10-23T17:00:00.000000000"", ""2013-10-23T18:00:00.000000000"", ""2013-10-23T19:00:00.000000000"", ""2013-10-23T20:00:00.000000000"", ""2013-10-23T21:00:00.000000000"", ""2013-10-23T22:00:00.000000000"", ""2013-10-23T23:00:00.000000000"", ""2013-10-24T00:00:00.000000000"", ""2013-10-24T01:00:00.000000000"", ""2013-10-24T02:00:00.000000000"", ""2013-10-24T03:00:00.000000000"", ""2013-10-24T04:00:00.000000000"", ""2013-10-24T05:00:00.000000000"", ""2013-10-24T06:00:00.000000000"", ""2013-10-24T07:00:00.000000000"", ""2013-10-24T08:00:00.000000000"", ""2013-10-24T09:00:00.000000000"", ""2013-10-24T10:00:00.000000000"", ""2013-10-24T11:00:00.000000000"", ""2013-10-24T12:00:00.000000000"", ""2013-10-24T13:00:00.000000000"", ""2013-10-24T14:00:00.000000000"", ""2013-10-24T15:00:00.000000000"", ""2013-10-24T16:00:00.000000000"", ""2013-10-24T17:00:00.000000000"", ""2013-10-24T18:00:00.000000000"", ""2013-10-24T19:00:00.000000000"", ""2013-10-24T20:00:00.000000000"", ""2013-10-24T21:00:00.000000000"", ""2013-10-24T22:00:00.000000000"", ""2013-10-24T23:00:00.000000000""]",w2,2013-10-20T18:00:00.000000000
