window_id,t_origin,aligned_mae,shuffled_mae,raw24_mae,zero_mae
w358,2013-11-04 14:00:00,0.1192060187458992,0.28569188714027405,0.0455920547246933,0.28801101446151733
w359,2013-11-04 15:00:00,0.10607711225748062,0.2914821207523346,0.046618327498435974,0.2879174053668976
w360,2013-11-04 16:00:00,0.12578122317790985,0.27470287680625916,0.049951065331697464,0.2875703275203705
w361,2013-11-04 17:00:00,0.13493646681308746,0.30574846267700195,0.052719712257385254,0.28705036640167236
w362,2013-11-04 18:00:00,0.11965375393629074,0.2692171335220337,0.05540378391742706,0.28641748428344727
w363,2013-11-04 19:00:00,0.1202455386519432,0.26574039459228516,0.05235304310917854,0.2857189178466797
w364,2013-11-04 20:00:00,0.13434472680091858,0.2606310248374939,0.049061596393585205,0.28502634167671204
w365,2013-11-04 21:00:00,0.13399913907051086,0.29447391629219055,0.060640547424554825,0.2850874364376068
w366,2013-11-04 22:00:00,0.12535932660102844,0.2927449643611908,0.061154741793870926,0.28113508224487305
w367,2013-11-04 23:00:00,0.12536263465881348,0.2564249038696289,0.057434387505054474,0.27785712480545044
w368,2013-11-05 00:00:00,0.14109033346176147,0.2704886198043823,0.05667508393526077,0.27374133467674255
w369,2013-11-05 01:00:00,0.1325734406709671,0.2780899405479431,0.056443288922309875,0.2712397277355194
w370,2013-11-05 02:00:00,0.13755351305007935,0.275680810213089,0.05716457590460777,0.2674582302570343
w371,2013-11-05 03:00:00,0.15647166967391968,0.2609916925430298,0.05945614352822304,0.2626093626022339
w372,2013-11-05 04:00:00,0.18395066261291504,0.2525859475135803,0.05875174701213837,0.2578461468219757
w373,2013-11-05 05:00:00,0.1801047921180725,0.22420433163642883,0.0609465055167675,0.2571773827075958
w374,2013-11-05 06:00:00,0.19346746802330017,0.26711413264274597,0.0619066022336483,0.25977960228919983
w375,2013-11-05 07:00:00,0.14913208782672882,0.2613876760005951,0.06549173593521118,0.2610221803188324
w376,2013-11-05 08:00:00,0.15072792768478394,0.2705860733985901,0.05943423509597778,0.26250600814819336
w377,2013-11-05 09:00:00,0.14090265333652496,0.25853440165519714,0.05973716080188751,0.26370078325271606
w378,2013-11-05 10:00:00,0.13178390264511108,0.2783372700214386,0.060229428112506866,0.26486942172050476
w379,2013-11-05 11:00:00,0.12656058371067047,0.2726180851459503,0.06198522821068764,0.2659109830856323
w380,2013-11-05 12:00:00,0.12624874711036682,0.263983815908432,0.06194489449262619,0.2666672468185425
w381,2013-11-05 13:00:00,0.14018698036670685,0.26567670702934265,0.06053157523274422,0.2671579122543335
w382,2013-11-05 14:00:00,0.15487240254878998,0.2774624824523926,0.06003354489803314,0.26733478903770447
w383,2013-11-05 15:00:00,0.14879685640335083,0.26187288761138916,0.06039092317223549,0.26718008518218994
w384,2013-11-05 16:00:00,0.17117033898830414,0.289808064699173,0.06313072890043259,0.2668023407459259
w385,2013-11-05 17:00:00,0.18006785213947296,0.25505614280700684,0.0656837448477745,0.26628759503364563
w386,2013-11-05 18:00:00,0.17214608192443848,0.24908596277236938,0.06904316693544388,0.26571109890937805
w387,2013-11-05 19:00:00,0.167085200548172,0.30431824922561646,0.06616976857185364,0.2651346027851105
w388,2013-11-05 20:00:00,0.1822355091571808,0.2772975564002991,0.06326624751091003,0.26463255286216736
w389,2013-11-05 21:00:00,0.17688514292240143,0.2755913734436035,0.07304001599550247,0.2637702524662018
w390,2013-11-05 22:00:00,0.16644011437892914,0.27953994274139404,0.06939641386270523,0.2631017565727234
w391,2013-11-05 23:00:00,0.17238405346870422,0.25678688287734985,0.06546291708946228,0.26300445199012756
w392,2013-11-06 00:00:00,0.17724543809890747,0.2675691843032837,0.06335331499576569,0.2630402147769928
w393,2013-11-06 01:00:00,0.1696794331073761,0.25841009616851807,0.06275098770856857,0.26282352209091187
w394,2013-11-06 02:00:00,0.180507630109787,0.2691989243030548,0.06187546253204346,0.2627311944961548
w395,2013-11-06 03:00:00,0.2063724398612976,0.27036619186401367,0.06174222752451897,0.26265472173690796
w396,2013-11-06 04:00:00,0.2346707433462143,0.27771225571632385,0.061972882598638535,0.26277169585227966
w397,2013-11-06 05:00:00,0.22016432881355286,0.24793164432048798,0.06180582940578461,0.2629406750202179
w398,2013-11-06 06:00:00,0.22903548181056976,0.25355079770088196,0.06141836196184158,0.2635394334793091
w399,2013-11-06 07:00:00,0.1824817657470703,0.2566491365432739,0.06356203556060791,0.2644082009792328
w400,2013-11-06 08:00:00,0.18153250217437744,0.26451048254966736,0.0591365247964859,0.2654085159301758
w401,2013-11-06 09:00:00,0.17619898915290833,0.2336389422416687,0.059086501598358154,0.2665024399757385
w402,2013-11-06 10:00:00,0.170778289437294,0.28361451625823975,0.0600033737719059,0.2676139175891876
w403,2013-11-06 11:00:00,0.172910675406456,0.27572596073150635,0.061597082763910294,0.2686079740524292
w404,2013-11-06 12:00:00,0.1645701825618744,0.2688255310058594,0.0621439628303051,0.2693690061569214
w405,2013-11-06 13:00:00,0.16552722454071045,0.27250826358795166,0.061934564262628555,0.26981058716773987
w406,2013-11-06 14:00:00,0.16363756358623505,0.27678802609443665,0.06132468953728676,0.2699238061904907
w407,2013-11-06 15:00:00,0.15238013863563538,0.2554091215133667,0.06047771871089935,0.26973363757133484
w408,2013-11-06 16:00:00,0.1720014214515686,0.2706185579299927,0.059228554368019104,0.269308477640152
w409,2013-11-06 17:00:00,0.1843509078025818,0.26526448130607605,0.06135036051273346,0.26872920989990234
w410,2013-11-06 18:00:00,0.18310123682022095,0.28508397936820984,0.0639214888215065,0.2680433988571167
w411,2013-11-06 19:00:00,0.18813097476959229,0.3072833716869354,0.060682766139507294,0.2673405110836029
w412,2013-11-06 20:00:00,0.19253307580947876,0.2802656888961792,0.05621588975191116,0.2668897211551666
w413,2013-11-06 21:00:00,0.19129575788974762,0.30610212683677673,0.06728199869394302,0.2680538594722748
w414,2013-11-06 22:00:00,0.18661239743232727,0.25210168957710266,0.07133106142282486,0.2650190591812134
w415,2013-11-06 23:00:00,0.1958579272031784,0.25363513827323914,0.07291515916585922,0.2588823437690735
w416,2013-11-07 00:00:00,0.20961077511310577,0.2560763955116272,0.08037403970956802,0.25275421142578125
w417,2013-11-07 01:00:00,0.2049272507429123,0.25671473145484924,0.08706679940223694,0.24503761529922485
w418,2013-11-07 02:00:00,0.22529305517673492,0.24652481079101562,0.09418009966611862,0.23874136805534363
w419,2013-11-07 03:00:00,0.25469768047332764,0.243418350815773,0.1024879515171051,0.23458701372146606
w420,2013-11-07 04:00:00,0.2750246226787567,0.23445923626422882,0.10349602997303009,0.23169364035129547
w421,2013-11-07 05:00:00,0.2582037150859833,0.21445612609386444,0.10661622881889343,0.2322109043598175
w422,2013-11-07 06:00:00,0.2719530761241913,0.24625164270401,0.10617026686668396,0.23510615527629852
w423,2013-11-07 07:00:00,0.24084621667861938,0.23749269545078278,0.11137212812900543,0.23685990273952484
w424,2013-11-07 08:00:00,0.23835331201553345,0.23828952014446259,0.11015381664037704,0.23801575601100922
w425,2013-11-07 09:00:00,0.23376907408237457,0.2426980584859848,0.1103597953915596,0.2388109564781189
w426,2013-11-07 10:00:00,0.2481188178062439,0.23988880217075348,0.11006302386522293,0.23962923884391785
w427,2013-11-07 11:00:00,0.27246859669685364,0.21736973524093628,0.1112881526350975,0.2403917908668518
w428,2013-11-07 12:00:00,0.2808692753314972,0.25101789832115173,0.11124653369188309,0.24096138775348663
w429,2013-11-07 13:00:00,0.27348583936691284,0.2328355610370636,0.10916011035442352,0.24132609367370605
w430,2013-11-07 14:00:00,0.27560606598854065,0.24722592532634735,0.10875961929559708,0.241513192653656
w431,2013-11-07 15:00:00,0.27494096755981445,0.24124577641487122,0.10870566219091415,0.24152585864067078
w432,2013-11-07 16:00:00,0.2898256480693817,0.24066156148910522,0.1105990931391716,0.24138443171977997
w433,2013-11-07 17:00:00,0.295258492231369,0.2433454692363739,0.11283964663743973,0.2411583811044693
w434,2013-11-07 18:00:00,0.31754425168037415,0.2336036115884781,0.11773025989532471,0.24087762832641602
w435,2013-11-07 19:00:00,0.3075781464576721,0.2519148588180542,0.11466435343027115,0.24060972034931183
w436,2013-11-07 20:00:00,0.3104519546031952,0.23955699801445007,0.11122536659240723,0.24080371856689453
w437,2013-11-07 21:00:00,0.29991093277931213,0.23857995867729187,0.11588618159294128,0.24246811866760254
w438,2013-11-07 22:00:00,0.28582942485809326,0.23213079571723938,0.12082467973232269,0.2420901209115982
w439,2013-11-07 23:00:00,0.2850656509399414,0.24944856762886047,0.12635186314582825,0.23923036456108093
w440,2013-11-08 00:00:00,0.29123127460479736,0.23961448669433594,0.13068529963493347,0.2363153100013733
w441,2013-11-08 01:00:00,0.28885382413864136,0.24354693293571472,0.1421077996492386,0.23161830008029938
w442,2013-11-08 02:00:00,0.3043937683105469,0.2207520306110382,0.14728882908821106,0.2282687872648239
w443,2013-11-08 03:00:00,0.334480345249176,0.23287779092788696,0.1561998724937439,0.22807370126247406
w444,2013-11-08 04:00:00,0.3299020528793335,0.22650474309921265,0.16256321966648102,0.22809822857379913
w445,2013-11-08 05:00:00,0.30712392926216125,0.21451124548912048,0.1706317514181137,0.2272786796092987
w446,2013-11-08 06:00:00,0.3311205506324768,0.22704331576824188,0.16998372972011566,0.22602976858615875
w447,2013-11-08 07:00:00,0.3113100826740265,0.2277119904756546,0.1712050437927246,0.22528105974197388
w448,2013-11-08 08:00:00,0.3121240437030792,0.22894848883152008,0.17443373799324036,0.22513628005981445
w449,2013-11-08 09:00:00,0.3305357098579407,0.21931040287017822,0.1729915738105774,0.2253139764070511
w450,2013-11-08 10:00:00,0.33880412578582764,0.22450563311576843,0.17268483340740204,0.22567425668239594
w451,2013-11-08 11:00:00,0.3628647029399872,0.23170369863510132,0.17016014456748962,0.22598248720169067
w452,2013-11-08 12:00:00,0.350786954164505,0.2158658504486084,0.16983814537525177,0.22621096670627594
w453,2013-11-08 13:00:00,0.32738447189331055,0.23060379922389984,0.17131036520004272,0.22635716199874878
w454,2013-11-08 14:00:00,0.31640851497650146,0.22524923086166382,0.17333193123340607,0.22643835842609406
w455,2013-11-08 15:00:00,0.31566017866134644,0.22611784934997559,0.1740133911371231,0.22643177211284637
w456,2013-11-08 16:00:00,0.3162316083908081,0.23136462271213531,0.17481330037117004,0.22631706297397614
w457,2013-11-08 17:00:00,0.30183881521224976,0.22811290621757507,0.17347835004329681,0.2261369526386261
w458,2013-11-08 18:00:00,0.32682520151138306,0.23696893453598022,0.1723426729440689,0.22589188814163208
w459,2013-11-08 19:00:00,0.31010201573371887,0.2377287745475769,0.17075949907302856,0.22559088468551636
w460,2013-11-08 20:00:00,0.30703839659690857,0.22090917825698853,0.17393602430820465,0.22507265210151672
w461,2013-11-08 21:00:00,0.2861064374446869,0.23288610577583313,0.1745077222585678,0.22637775540351868
w462,2013-11-08 22:00:00,0.2821797728538513,0.21999332308769226,0.16486698389053345,0.22399455308914185
w463,2013-11-08 23:00:00,0.27723148465156555,0.21976369619369507,0.16203925013542175,0.22063684463500977
w464,2013-11-09 00:00:00,0.28110256791114807,0.2210930436849594,0.1671464741230011,0.21550384163856506
w465,2013-11-09 01:00:00,0.27611851692199707,0.2164272516965866,0.1652633100748062,0.21412664651870728
w466,2013-11-09 02:00:00,0.29054346680641174,0.21039964258670807,0.1559518724679947,0.21286413073539734
w467,2013-11-09 03:00:00,0.29641416668891907,0.21411718428134918,0.15683895349502563,0.2118159681558609
w468,2013-11-09 04:00:00,0.2943974733352661,0.21229402720928192,0.15602773427963257,0.21170204877853394
w469,2013-11-09 05:00:00,0.2931472361087799,0.21568663418293,0.1613072007894516,0.21125108003616333
w470,2013-11-09 06:00:00,0.3213334083557129,0.21464303135871887,0.1691930741071701,0.2115740180015564
w471,2013-11-09 07:00:00,0.2983967959880829,0.21658256649971008,0.17472884058952332,0.21069389581680298
w472,2013-11-09 08:00:00,0.3258771300315857,0.21713699400424957,0.16829612851142883,0.21074961125850677
w473,2013-11-09 09:00:00,0.3606206178665161,0.22131554782390594,0.16832464933395386,0.21108950674533844
w474,2013-11-09 10:00:00,0.39632776379585266,0.21430601179599762,0.1682841032743454,0.21147383749485016
w475,2013-11-09 11:00:00,0.43321555852890015,0.2164221554994583,0.16970914602279663,0.21186408400535583
w476,2013-11-09 12:00:00,0.41560983657836914,0.21138876676559448,0.16905099153518677,0.21220095455646515
w477,2013-11-09 13:00:00,0.354450523853302,0.21735896170139313,0.16680103540420532,0.21243147552013397
w478,2013-11-09 14:00:00,0.32668933272361755,0.22113598883152008,0.1660274863243103,0.21252809464931488
w479,2013-11-09 15:00:00,0.32342350482940674,0.2125546634197235,0.16568848490715027,0.21248404681682587
w480,2013-11-09 16:00:00,0.30663859844207764,0.21199201047420502,0.16531382501125336,0.21230943500995636
w481,2013-11-09 17:00:00,0.2837240993976593,0.20719043910503387,0.16828936338424683,0.21206547319889069
w482,2013-11-09 18:00:00,0.31076860427856445,0.2085479348897934,0.17307032644748688,0.21177400648593903
w483,2013-11-09 19:00:00,0.27630436420440674,0.2216971516609192,0.17156387865543365,0.21142202615737915
w484,2013-11-09 20:00:00,0.26120302081108093,0.2073066532611847,0.15857845544815063,0.2109559178352356
w485,2013-11-09 21:00:00,0.2800479531288147,0.20258785784244537,0.14236335456371307,0.20885834097862244
w486,2013-11-09 22:00:00,0.2885684669017792,0.22087208926677704,0.11958387494087219,0.21137483417987823
w487,2013-11-09 23:00:00,0.2950739860534668,0.2119881808757782,0.11953020095825195,0.21692560613155365
w488,2013-11-10 00:00:00,0.28432825207710266,0.21841709315776825,0.12821951508522034,0.21808630228042603
w489,2013-11-10 01:00:00,0.2746599018573761,0.22494255006313324,0.13969019055366516,0.22267787158489227
w490,2013-11-10 02:00:00,0.26158392429351807,0.22908300161361694,0.14799724519252777,0.2245257943868637
w491,2013-11-10 03:00:00,0.2718546390533447,0.20618143677711487,0.1594669222831726,0.22634847462177277
w492,2013-11-10 04:00:00,0.2860242426395416,0.2118627429008484,0.17176386713981628,0.22670800983905792
w493,2013-11-10 05:00:00,0.2864804267883301,0.22431564331054688,0.18548160791397095,0.22573931515216827
w494,2013-11-10 06:00:00,0.33292055130004883,0.2265976220369339,0.19681859016418457,0.22327075898647308
w495,2013-11-10 07:00:00,0.32752567529678345,0.19192320108413696,0.19242852926254272,0.2228206843137741
w496,2013-11-10 08:00:00,0.35129833221435547,0.23909708857536316,0.18961411714553833,0.22296105325222015
w497,2013-11-10 09:00:00,0.36844968795776367,0.22173839807510376,0.18745213747024536,0.22366762161254883
w498,2013-11-10 10:00:00,0.36159393191337585,0.23360861837863922,0.18740762770175934,0.22448284924030304
w499,2013-11-10 11:00:00,0.3801746368408203,0.2135382890701294,0.1871645152568817,0.22530968487262726
w500,2013-11-10 12:00:00,0.36228764057159424,0.22238022089004517,0.1892259269952774,0.22605293989181519
w501,2013-11-10 13:00:00,0.32282236218452454,0.22933480143547058,0.18921978771686554,0.22659969329833984
w502,2013-11-10 14:00:00,0.29662051796913147,0.2265261560678482,0.19107671082019806,0.2269398421049118
w503,2013-11-10 15:00:00,0.2922016382217407,0.22434960305690765,0.19157449901103973,0.22706450521945953
w504,2013-11-10 16:00:00,0.29371654987335205,0.23097197711467743,0.1930789202451706,0.22700507938861847
w505,2013-11-10 17:00:00,0.2886497378349304,0.22585900127887726,0.19386476278305054,0.22678939998149872
w506,2013-11-10 18:00:00,0.3327185809612274,0.2187172770500183,0.19516566395759583,0.2264583855867386
w507,2013-11-10 19:00:00,0.3176744878292084,0.21207697689533234,0.1968521773815155,0.22599440813064575
w508,2013-11-10 20:00:00,0.32404178380966187,0.24482625722885132,0.2047952264547348,0.22512595355510712
w509,2013-11-10 21:00:00,0.313447505235672,0.2344769388437271,0.20481577515602112,0.22192218899726868
w510,2013-11-10 22:00:00,0.34464114904403687,0.22175860404968262,0.21306981146335602,0.2239958494901657
w511,2013-11-10 23:00:00,0.3428010642528534,0.22596322000026703,0.22529101371765137,0.228436678647995
