horizon,aligned_mae,aligned_rmse,shuffled_mae,shuffled_rmse,raw24_mae,raw24_rmse,zero_mae,zero_rmse
1,0.21313224732875824,0.2685716450214386,0.2121640294790268,0.23928014934062958,0.044289104640483856,0.07133461534976959,0.21192146837711334,0.23844705522060394
2,0.19111475348472595,0.23735368251800537,0.21288135647773743,0.2400534301996231,0.0687708705663681,0.10150877386331558,0.21227343380451202,0.23878319561481476
3,0.19312159717082977,0.2476131021976471,0.2131635695695877,0.240373432636261,0.08013008534908295,0.1147361695766449,0.21258996427059174,0.23906837403774261
4,0.35982546210289,0.43818163871765137,0.21348443627357483,0.24061158299446106,0.08677618205547333,0.12252579629421234,0.21283100545406342,0.23924635350704193
5,0.336445689201355,0.41154977679252625,0.21338559687137604,0.2402481585741043,0.08938470482826233,0.1256609559059143,0.21291384100914001,0.239292711019516
6,0.28362059593200684,0.357986181974411,0.21318170428276062,0.24007031321525574,0.09009251743555069,0.1266758292913437,0.21296894550323486,0.23932291567325592
7,0.3147292733192444,0.40146464109420776,0.2126857340335846,0.23954541981220245,0.09132463485002518,0.12739701569080353,0.21301479637622833,0.2393520474433899
8,0.35779038071632385,0.431591272354126,0.21253114938735962,0.23942424356937408,0.09277139604091644,0.12811219692230225,0.2131028026342392,0.23940856754779816
9,0.34598270058631897,0.41793394088745117,0.21252886950969696,0.2395711988210678,0.0935826376080513,0.1285524219274521,0.21315248310565948,0.23944292962551117
10,0.2944610118865967,0.3625292181968689,0.21249383687973022,0.23951594531536102,0.09315016120672226,0.12817426025867462,0.21310770511627197,0.23942624032497406
11,0.31935396790504456,0.4120081067085266,0.21229667961597443,0.23960451781749725,0.09201253950595856,0.12764395773410797,0.21300500631332397,0.23936782777309418
12,0.27817901968955994,0.3893563449382782,0.21214406192302704,0.2396969199180603,0.09139789640903473,0.12735210359096527,0.2128998041152954,0.239308699965477
13,0.2784724533557892,0.3587985038757324,0.21234369277954102,0.2393939346075058,0.09120284020900726,0.12727271020412445,0.21280816197395325,0.23925888538360596
14,0.26318806409835815,0.31988537311553955,0.212492898106575,0.2394798994064331,0.09141692519187927,0.12740594148635864,0.21274897456169128,0.23922637104988098
15,0.2598646283149719,0.3100677728652954,0.21280993521213531,0.23951731622219086,0.09215126931667328,0.1277795433998108,0.21271690726280212,0.23920762538909912
16,0.3512532413005829,0.42374366521835327,0.21280190348625183,0.2398623824119568,0.0930716022849083,0.12832683324813843,0.21270641684532166,0.23920106887817383
17,0.3625813126564026,0.4470047056674957,0.2136104702949524,0.2409207820892334,0.0931682139635086,0.12833714485168457,0.21269634366035461,0.23919567465782166
18,0.3660770356655121,0.45827460289001465,0.2141083925962448,0.24150025844573975,0.09259876608848572,0.12791188061237335,0.21269625425338745,0.23919567465782166
19,0.45339876413345337,0.5713121294975281,0.21445338428020477,0.2417679876089096,0.0915200337767601,0.1273711770772934,0.21269626915454865,0.23919567465782166
20,0.4263226091861725,0.5286701321601868,0.2141363024711609,0.24140548706054688,0.09067653119564056,0.1269998401403427,0.21269626915454865,0.23919567465782166
21,0.2556516230106354,0.31706205010414124,0.21449850499629974,0.24126626551151276,0.09052665531635284,0.1266922652721405,0.2126961499452591,0.23919560015201569
22,0.24572047591209412,0.3047039806842804,0.21421782672405243,0.24109290540218353,0.09018959850072861,0.12620536983013153,0.21267402172088623,0.23917795717716217
23,0.28145748376846313,0.34781765937805176,0.21335488557815552,0.24010440707206726,0.08800717443227768,0.1249186098575592,0.212584987282753,0.2391267567873001
24,0.25477784872055054,0.3061515688896179,0.2127644568681717,0.23985545337200165,0.0858413577079773,0.12349318712949753,0.21270892024040222,0.2392851710319519
25,0.23076248168945312,0.28395888209342957,0.2129337042570114,0.2400662750005722,0.09112365543842316,0.12841305136680603,0.2128421813249588,0.23944678902626038
26,0.22914855182170868,0.2750064432621002,0.21380679309368134,0.24095620214939117,0.10086853057146072,0.13725091516971588,0.21313907206058502,0.23978160321712494
27,0.19391849637031555,0.2425561547279358,0.2137666940689087,0.24111394584178925,0.10664418339729309,0.142598494887352,0.21349216997623444,0.24007761478424072
28,0.320799320936203,0.41759175062179565,0.21422161161899567,0.24146699905395508,0.10905743390321732,0.14545711874961853,0.21377187967300415,0.24027131497859955
29,0.3191394805908203,0.4077496826648712,0.21444633603096008,0.24135740101337433,0.11052914708852768,0.1472398340702057,0.213878333568573,0.24032671749591827
30,0.2741164565086365,0.3397876024246216,0.21421107649803162,0.2411695122718811,0.11172565817832947,0.14804667234420776,0.21402817964553833,0.24039842188358307
31,0.29198208451271057,0.3729524314403534,0.2140997350215912,0.24086032807826996,0.11334394663572311,0.14908628165721893,0.2141292840242386,0.24045860767364502
32,0.36374494433403015,0.433194637298584,0.21388930082321167,0.24069726467132568,0.11465156823396683,0.15005278587341309,0.21434509754180908,0.24056850373744965
33,0.3521063029766083,0.42125755548477173,0.21385584771633148,0.24085694551467896,0.1152702122926712,0.15048474073410034,0.21445338428020477,0.24063418805599213
34,0.30122295022010803,0.36428195238113403,0.21386387944221497,0.24076683819293976,0.11455953866243362,0.14991168677806854,0.21447937190532684,0.24065512418746948
35,0.32029131054878235,0.42271286249160767,0.21377041935920715,0.2407282590866089,0.11352015286684036,0.14932703971862793,0.21449844539165497,0.24067024886608124
36,0.2835768163204193,0.40253615379333496,0.2142808735370636,0.24097615480422974,0.11311430484056473,0.14912773668766022,0.21448880434036255,0.2406664937734604
37,0.27349889278411865,0.359668105840683,0.21467263996601105,0.24114689230918884,0.11314478516578674,0.1492389589548111,0.21447555720806122,0.2406584620475769
38,0.2630879580974579,0.3381684422492981,0.21472984552383423,0.2411530762910843,0.1136561781167984,0.14956124126911163,0.2144337147474289,0.24063438177108765
39,0.2361987829208374,0.2911631464958191,0.21468350291252136,0.2411048263311386,0.1146724745631218,0.15018771588802338,0.21440167725086212,0.24061726033687592
40,0.26140841841697693,0.31532102823257446,0.21459002792835236,0.24129916727542877,0.1154598742723465,0.15079140663146973,0.21438652276992798,0.24060797691345215
41,0.2924657464027405,0.35954174399375916,0.21535243093967438,0.24187928438186646,0.11534887552261353,0.1506454348564148,0.2143794745206833,0.24060535430908203
42,0.31969141960144043,0.3988381326198578,0.2155059278011322,0.24239954352378845,0.11435973644256592,0.1499209702014923,0.21437664330005646,0.24060526490211487
43,0.3996405005455017,0.4998786449432373,0.21516528725624084,0.24239052832126617,0.11322705447673798,0.14926527440547943,0.21437662839889526,0.24060527980327606
44,0.3763812780380249,0.4663228690624237,0.21539241075515747,0.24243968725204468,0.11259385198354721,0.1488577127456665,0.21437659859657288,0.24060527980327606
45,0.2551235556602478,0.32008296251296997,0.21515798568725586,0.24173150956630707,0.11233925074338913,0.14861240983009338,0.21437658369541168,0.24060525000095367
46,0.2665410339832306,0.3368203639984131,0.21489642560482025,0.24136701226234436,0.11144983023405075,0.14790578186511993,0.214360773563385,0.24059231579303741
47,0.29243284463882446,0.3719494938850403,0.21452155709266663,0.24097275733947754,0.10910069942474365,0.14648666977882385,0.21427501738071442,0.24054190516471863
48,0.27355676889419556,0.3372759521007538,0.21454398334026337,0.24099573493003845,0.10607296973466873,0.14433906972408295,0.2142307013273239,0.24050910770893097
49,0.23500807583332062,0.2900572121143341,0.2145473212003708,0.24141302704811096,0.10895714908838272,0.14739927649497986,0.21419142186641693,0.2404855191707611
50,0.2645702362060547,0.3254473805427551,0.21493643522262573,0.24191904067993164,0.11545936018228531,0.15309889614582062,0.2142161875963211,0.2404993623495102
51,0.22717760503292084,0.28513801097869873,0.2146143913269043,0.24184468388557434,0.11989538371562958,0.15723872184753418,0.21430110931396484,0.240553081035614
52,0.2574635446071625,0.35986393690109253,0.21468044817447662,0.24151219427585602,0.12234848737716675,0.1598183810710907,0.21434488892555237,0.2405780553817749
53,0.25388193130493164,0.336718887090683,0.21505789458751678,0.2416953593492508,0.12362643331289291,0.161065012216568,0.2144804298877716,0.24065490067005157
54,0.2516803741455078,0.3099483251571655,0.21445909142494202,0.2414686232805252,0.12514959275722504,0.16208656132221222,0.2146570086479187,0.2407514750957489
55,0.2826690673828125,0.3527604639530182,0.2146115005016327,0.24113814532756805,0.12674081325531006,0.16294707357883453,0.21475380659103394,0.24081167578697205
56,0.3717326521873474,0.4388500452041626,0.21439434587955475,0.24107831716537476,0.12829455733299255,0.16385991871356964,0.2147747129201889,0.24082940816879272
57,0.37109866738319397,0.45126578211784363,0.2146250307559967,0.24140730500221252,0.128939688205719,0.1641726791858673,0.2147446572780609,0.24082154035568237
58,0.3072431683540344,0.37636303901672363,0.2146366387605667,0.24141113460063934,0.12816552817821503,0.16349910199642181,0.21468354761600494,0.24079401791095734
59,0.29974788427352905,0.38180381059646606,0.2144535779953003,0.2413465529680252,0.12696748971939087,0.16274559497833252,0.21457146108150482,0.24073456227779388
60,0.28324824571609497,0.38065305352211,0.21430742740631104,0.24090838432312012,0.12632571160793304,0.16234897077083588,0.21445444226264954,0.24066759645938873
61,0.2879178822040558,0.3661337196826935,0.21439236402511597,0.2410181611776352,0.12613323330879211,0.16231226921081543,0.21435923874378204,0.24061498045921326
62,0.268171101808548,0.33905336260795593,0.21435268223285675,0.24121098220348358,0.1265861988067627,0.16261780261993408,0.2142810821533203,0.24057312309741974
63,0.24357005953788757,0.2990725338459015,0.2145712524652481,0.24123570322990417,0.1276414692401886,0.1632862240076065,0.2142494022846222,0.24055606126785278
64,0.30437004566192627,0.3733849823474884,0.21439246833324432,0.2412080317735672,0.12848398089408875,0.16390956938266754,0.21424326300621033,0.24055097997188568
65,0.3347330391407013,0.4139781594276428,0.21494556963443756,0.2415936440229416,0.12831227481365204,0.16368812322616577,0.21423710882663727,0.24054951965808868
66,0.3380465507507324,0.42069098353385925,0.21502652764320374,0.2419118881225586,0.12725193798542023,0.1629234105348587,0.21423427760601044,0.2405494898557663
67,0.40889617800712585,0.5081099271774292,0.2150716781616211,0.2421320080757141,0.12585626542568207,0.16212771832942963,0.21423427760601044,0.2405494898557663
68,0.39719098806381226,0.48737284541130066,0.21515598893165588,0.24192272126674652,0.12500935792922974,0.1615232527256012,0.21423427760601044,0.2405494898557663
69,0.290009468793869,0.3575824201107025,0.21519063413143158,0.2417154759168625,0.12438295036554337,0.1605730801820755,0.21423421800136566,0.2405494600534439
70,0.26493045687675476,0.32940053939819336,0.21516741812229156,0.24152188003063202,0.12265939265489578,0.1591012328863144,0.21423354744911194,0.24054886400699615
71,0.2775591313838959,0.3508578836917877,0.2147105485200882,0.24091388285160065,0.1190117672085762,0.15642422437667847,0.21422487497329712,0.24054156243801117
72,0.26206305623054504,0.3214718699455261,0.21415074169635773,0.24083876609802246,0.11456298828125,0.15251755714416504,0.21417269110679626,0.2405039668083191
